Country,Month,wind
AR,Jan-12,619
AR,Feb-12,440
AR,Mar-12,444
AR,Apr-12,285
AR,May-12,343
AR,Jun-12,366
AR,Jul-12,431
AR,Aug-12,514
AR,Sep-12,585
AR,Oct-12,683
AR,Nov-12,581
AR,Dec-12,670
AR,Jan-13,494
AR,Feb-13,418
AR,Mar-13,397
AR,Apr-13,309
AR,May-13,356
AR,Jun-13,358
AR,Jul-13,438
AR,Aug-13,595
AR,Sep-13,629
AR,Oct-13,625
AR,Nov-13,730
AR,Dec-13,506
AR,Jan-14,660
AR,Feb-14,473
AR,Mar-14,430
AR,Apr-14,361
AR,May-14,293
AR,Jun-14,363
AR,Jul-14,339
AR,Aug-14,482
AR,Sep-14,553
AR,Oct-14,633
AR,Nov-14,661
AR,Dec-14,572
AR,Jan-15,498
AR,Feb-15,372
AR,Mar-15,330
AR,Apr-15,315
AR,May-15,316
AR,Jun-15,369
AR,Jul-15,398
AR,Aug-15,495
AR,Sep-15,506
AR,Oct-15,647
AR,Nov-15,532
AR,Dec-15,539
AR,Jan-16,481
AR,Feb-16,397
AR,Mar-16,416
AR,Apr-16,371
AR,May-16,174
AR,Jun-16,235
AR,Jul-16,270
AR,Aug-16,410
AR,Sep-16,484
AR,Oct-16,562
AR,Nov-16,584
AR,Dec-16,594
AR,Jan-17,559
AR,Feb-17,310
AR,Mar-17,373
AR,Apr-17,332
AR,May-17,293
AR,Jun-17,436
AR,Jul-17,488
AR,Aug-17,573
AR,Sep-17,611
AR,Oct-17,716
AR,Nov-17,627
AR,Dec-17,633
AR,Jan-18,524
AR,Feb-18,384
AR,Mar-18,494
AR,Apr-18,368
AR,May-18,264
AR,Jun-18,337
AR,Jul-18,380
AR,Aug-18,612
AR,Sep-18,521
AR,Oct-18,538
AR,Nov-18,698
AR,Dec-18,612
AR,Jan-19,587
AR,Feb-19,397
AR,Mar-19,370
AR,Apr-19,325
AR,May-19,319
AR,Jun-19,402
AR,Jul-19,325
AR,Aug-19,500
AR,Sep-19,546
AR,Oct-19,670
AR,Nov-19,639
AR,Dec-19,690
AR,Jan-20,661
AR,Feb-20,568
AR,Mar-20,446
AR,Apr-20,453
AR,May-20,472
AR,Jun-20,458
AR,Jul-20,455
AR,Aug-20,747
AR,Sep-20,749
AR,Oct-20,864
AR,Nov-20,730
AR,Dec-20,889
AR,Jan-21,716
AR,Feb-21,429
AR,Mar-21,501
AR,Apr-21,448
AR,May-21,435
AR,Jun-21,395
AR,Jul-21,539
AR,Aug-21,549
AR,Sep-21,741
AR,Oct-21,768
AR,Nov-21,796
AR,Dec-21,652
AR,Jan-22,822
AR,Feb-22,575
AR,Mar-22,689
AR,Apr-22,506
AR,May-22,403
AR,Jun-22,367
AR,Jul-22,545
AR,Aug-22,536
AR,Sep-22,656
AR,Oct-22,910
AR,Nov-22,838
AR,Dec-22,818
AR,Jan-23,679
AR,Feb-23,585
AR,Mar-23,588
AR,Apr-23,523
AR,May-23,429
AR,Jun-23,408
AR,Jul-23,535
AR,Aug-23,762
AR,Sep-23,791
AR,Oct-23,955
AR,Nov-23,960
AR,Dec-23,911
AU,Jan-12,608
AU,Feb-12,481
AU,Mar-12,340
AU,Apr-12,297
AU,May-12,265
AU,Jun-12,202
AU,Jul-12,198
AU,Aug-12,116
AU,Sep-12,190
AU,Oct-12,195
AU,Nov-12,274
AU,Dec-12,326
AU,Jan-13,334
AU,Feb-13,97
AU,Mar-13,394
AU,Apr-13,192
AU,May-13,325
AU,Jun-13,267
AU,Jul-13,120
AU,Aug-13,129
AU,Sep-13,251
AU,Oct-13,198
AU,Nov-13,339
AU,Dec-13,368
AU,Jan-14,327
AU,Feb-14,338
AU,Mar-14,371
AU,Apr-14,271
AU,May-14,450
AU,Jun-14,138
AU,Jul-14,269
AU,Aug-14,205
AU,Sep-14,293
AU,Oct-14,345
AU,Nov-14,458
AU,Dec-14,577
AU,Jan-15,706
AU,Feb-15,468
AU,Mar-15,605
AU,Apr-15,543
AU,May-15,343
AU,Jun-15,203
AU,Jul-15,194
AU,Aug-15,207
AU,Sep-15,384
AU,Oct-15,315
AU,Nov-15,521
AU,Dec-15,289
AU,Jan-16,440
AU,Feb-16,579
AU,Mar-16,427
AU,Apr-16,381
AU,May-16,443
AU,Jun-16,172
AU,Jul-16,262
AU,Aug-16,204
AU,Sep-16,195
AU,Oct-16,348
AU,Nov-16,417
AU,Dec-16,533
AU,Jan-17,580
AU,Feb-17,385
AU,Mar-17,463
AU,Apr-17,500
AU,May-17,334
AU,Jun-17,257
AU,Jul-17,288
AU,Aug-17,224
AU,Sep-17,326
AU,Oct-17,527
AU,Nov-17,447
AU,Dec-17,480
AU,Jan-18,392
AU,Feb-18,248
AU,Mar-18,327
AU,Apr-18,350
AU,May-18,197
AU,Jun-18,218
AU,Jul-18,183
AU,Aug-18,151
AU,Sep-18,138
AU,Oct-18,519
AU,Nov-18,421
AU,Dec-18,672
AU,Jan-19,830
AU,Feb-19,492
AU,Mar-19,641
AU,Apr-19,525
AU,May-19,493
AU,Jun-19,257
AU,Jul-19,182
AU,Aug-19,180
AU,Sep-19,211
AU,Oct-19,316
AU,Nov-19,484
AU,Dec-19,522
AU,Jan-20,353
AU,Feb-20,779
AU,Mar-20,438
AU,Apr-20,180
AU,May-20,354
AU,Jun-20,355
AU,Jul-20,143
AU,Aug-20,168
AU,Sep-20,209
AU,Oct-20,371
AU,Nov-20,186
AU,Dec-20,436
AU,Jan-21,456
AU,Feb-21,255
AU,Mar-21,402
AU,Apr-21,469
AU,May-21,469
AU,Jun-21,210
AU,Jul-21,257
AU,Aug-21,211
AU,Sep-21,170
AU,Oct-21,346
AU,Nov-21,375
AU,Dec-21,504
AU,Jan-22,802
AU,Feb-22,736
AU,Mar-22,297
AU,Apr-22,397
AU,May-22,172
AU,Jun-22,239
AU,Jul-22,251
AU,Aug-22,182
AU,Sep-22,261
AU,Oct-22,210
AU,Nov-22,272
AU,Dec-22,395
AU,Jan-23,475
AU,Feb-23,614
AU,Mar-23,541
AU,Apr-23,364
AU,May-23,253
AU,Jun-23,139
AU,Jul-23,225
AU,Aug-23,258
AU,Sep-23,184
AU,Oct-23,334
AU,Nov-23,570
AU,Dec-23,582
BR,Jan-12,389
BR,Feb-12,297
BR,Mar-12,252
BR,Apr-12,200
BR,May-12,296
BR,Jun-12,211
BR,Jul-12,347
BR,Aug-12,653
BR,Sep-12,660
BR,Oct-12,626
BR,Nov-12,468
BR,Dec-12,347
BR,Jan-13,468
BR,Feb-13,437
BR,Mar-13,380
BR,Apr-13,216
BR,May-13,188
BR,Jun-13,152
BR,Jul-13,302
BR,Aug-13,494
BR,Sep-13,608
BR,Oct-13,629
BR,Nov-13,636
BR,Dec-13,450
BR,Jan-14,415
BR,Feb-14,400
BR,Mar-14,287
BR,Apr-14,252
BR,May-14,204
BR,Jun-14,325
BR,Jul-14,405
BR,Aug-14,471
BR,Sep-14,687
BR,Oct-14,724
BR,Nov-14,503
BR,Dec-14,568
BR,Jan-15,497
BR,Feb-15,343
BR,Mar-15,209
BR,Apr-15,180
BR,May-15,255
BR,Jun-15,297
BR,Jul-15,364
BR,Aug-15,543
BR,Sep-15,549
BR,Oct-15,670
BR,Nov-15,537
BR,Dec-15,495
BR,Jan-16,369
BR,Feb-16,227
BR,Mar-16,234
BR,Apr-16,210
BR,May-16,192
BR,Jun-16,260
BR,Jul-16,795
BR,Aug-16,933
BR,Sep-16,1074
BR,Oct-16,1411
BR,Nov-16,1172
BR,Dec-16,1049
BR,Jan-17,751
BR,Feb-17,475
BR,Mar-17,457
BR,Apr-17,586
BR,May-17,566
BR,Jun-17,668
BR,Jul-17,1128
BR,Aug-17,1092
BR,Sep-17,1472
BR,Oct-17,1499
BR,Nov-17,1005
BR,Dec-17,910
BR,Jan-18,746
BR,Feb-18,436
BR,Mar-18,425
BR,Apr-18,302
BR,May-18,452
BR,Jun-18,432
BR,Jul-18,607
BR,Aug-18,846
BR,Sep-18,1053
BR,Oct-18,1083
BR,Nov-18,1199
BR,Dec-18,696
BR,Jan-19,706
BR,Feb-19,410
BR,Mar-19,366
BR,Apr-19,207
BR,May-19,314
BR,Jun-19,509
BR,Jul-19,659
BR,Aug-19,1052
BR,Sep-19,1132
BR,Oct-19,1121
BR,Nov-19,921
BR,Dec-19,800
BR,Jan-20,503
BR,Feb-20,427
BR,Mar-20,336
BR,Apr-20,355
BR,May-20,380
BR,Jun-20,525
BR,Jul-20,559
BR,Aug-20,811
BR,Sep-20,802
BR,Oct-20,688
BR,Nov-20,653
BR,Dec-20,670
BR,Jan-21,598
BR,Feb-21,324
BR,Mar-21,304
BR,Apr-21,383
BR,May-21,302
BR,Jun-21,361
BR,Jul-21,534
BR,Aug-21,813
BR,Sep-21,848
BR,Oct-21,740
BR,Nov-21,594
BR,Dec-21,631
BR,Jan-22,394
BR,Feb-22,271
BR,Mar-22,332
BR,Apr-22,244
BR,May-22,359
BR,Jun-22,288
BR,Jul-22,572
BR,Aug-22,835
BR,Sep-22,887
BR,Oct-22,927
BR,Nov-22,793
BR,Dec-22,639
BR,Jan-23,475
BR,Feb-23,355
BR,Mar-23,294
BR,Apr-23,219
BR,May-23,221
BR,Jun-23,321
BR,Jul-23,606
BR,Aug-23,613
BR,Sep-23,977
BR,Oct-23,864
BR,Nov-23,895
BR,Dec-23,608
CA,Jan-12,8207
CA,Feb-12,5353
CA,Mar-12,7476
CA,Apr-12,6880
CA,May-12,6259
CA,Jun-12,5352
CA,Jul-12,3611
CA,Aug-12,3843
CA,Sep-12,5599
CA,Oct-12,7305
CA,Nov-12,6825
CA,Dec-12,6224
CA,Jan-13,7900
CA,Feb-13,6439
CA,Mar-13,6433
CA,Apr-13,7803
CA,May-13,6429
CA,Jun-13,4887
CA,Jul-13,4479
CA,Aug-13,3893
CA,Sep-13,5800
CA,Oct-13,5896
CA,Nov-13,7873
CA,Dec-13,7531
CA,Jan-14,9125
CA,Feb-14,6208
CA,Mar-14,7110
CA,Apr-14,7503
CA,May-14,5394
CA,Jun-14,5159
CA,Jul-14,4938
CA,Aug-14,3781
CA,Sep-14,5668
CA,Oct-14,7384
CA,Nov-14,8162
CA,Dec-14,6891
CA,Jan-15,8071
CA,Feb-15,6561
CA,Mar-15,7695
CA,Apr-15,7590
CA,May-15,6243
CA,Jun-15,4377
CA,Jul-15,4301
CA,Aug-15,4323
CA,Sep-15,5383
CA,Oct-15,7243
CA,Nov-15,6956
CA,Dec-15,6377
CA,Jan-16,6770
CA,Feb-16,6649
CA,Mar-16,7332
CA,Apr-16,7860
CA,May-16,6722
CA,Jun-16,6456
CA,Jul-16,4306
CA,Aug-16,4522
CA,Sep-16,5508
CA,Oct-16,6191
CA,Nov-16,6172
CA,Dec-16,8180
CA,Jan-17,7146
CA,Feb-17,5906
CA,Mar-17,8143
CA,Apr-17,6261
CA,May-17,6320
CA,Jun-17,5825
CA,Jul-17,4447
CA,Aug-17,4067
CA,Sep-17,4833
CA,Oct-17,8078
CA,Nov-17,7948
CA,Dec-17,6937
CA,Jan-18,7364
CA,Feb-18,6347
CA,Mar-18,6515
CA,Apr-18,6864
CA,May-18,6148
CA,Jun-18,5335
CA,Jul-18,4619
CA,Aug-18,4075
CA,Sep-18,5073
CA,Oct-18,6306
CA,Nov-18,6452
CA,Dec-18,6554
CA,Jan-19,7139
CA,Feb-19,6319
CA,Mar-19,6401
CA,Apr-19,7345
CA,May-19,5389
CA,Jun-19,4678
CA,Jul-19,3822
CA,Aug-19,4305
CA,Sep-19,4807
CA,Oct-19,6825
CA,Nov-19,6496
CA,Dec-19,5938
CA,Jan-20,6366
CA,Feb-20,6470
CA,Mar-20,7763
CA,Apr-20,7283
CA,May-20,6929
CA,Jun-20,5201
CA,Jul-20,3639
CA,Aug-20,4603
CA,Sep-20,5815
CA,Oct-20,6732
CA,Nov-20,7360
CA,Dec-20,6705
CA,Jan-21,6081
CA,Feb-21,5829
CA,Mar-21,8361
CA,Apr-21,6724
CA,May-21,6487
CA,Jun-21,5290
CA,Jul-21,3855
CA,Aug-21,4561
CA,Sep-21,5863
CA,Oct-21,6241
CA,Nov-21,7256
CA,Dec-21,7450
CA,Jan-22,7808
CA,Feb-22,7389
CA,Mar-22,7473
CA,Apr-22,7711
CA,May-22,6562
CA,Jun-22,5232
CA,Jul-22,3662
CA,Aug-22,3942
CA,Sep-22,5191
CA,Oct-22,6619
CA,Nov-22,7726
CA,Dec-22,7404
CA,Jan-23,5429
CA,Feb-23,5961
CA,Mar-23,5475
CA,Apr-23,6006
CA,May-23,6037
CA,Jun-23,4555
CA,Jul-23,3120
CA,Aug-23,3758
CA,Sep-23,4118
CA,Oct-23,5391
CA,Nov-23,6722
CA,Dec-23,6140
CH,Jan-12,803
CH,Feb-12,982
CH,Mar-12,1195
CH,Apr-12,1264
CH,May-12,797
CH,Jun-12,673
CH,Jul-12,606
CH,Aug-12,672
CH,Sep-12,488
CH,Oct-12,703
CH,Nov-12,978
CH,Dec-12,1102
CH,Jan-13,809
CH,Feb-13,986
CH,Mar-13,1209
CH,Apr-13,1326
CH,May-13,1108
CH,Jun-13,807
CH,Jul-13,771
CH,Aug-13,758
CH,Sep-13,739
CH,Oct-13,819
CH,Nov-13,1079
CH,Dec-13,843
CH,Jan-14,933
CH,Feb-14,955
CH,Mar-14,946
CH,Apr-14,995
CH,May-14,1280
CH,Jun-14,589
CH,Jul-14,625
CH,Aug-14,394
CH,Sep-14,550
CH,Oct-14,844
CH,Nov-14,924
CH,Dec-14,1312
CH,Jan-15,945
CH,Feb-15,988
CH,Mar-15,1241
CH,Apr-15,1327
CH,May-15,1296
CH,Jun-15,864
CH,Jul-15,648
CH,Aug-15,571
CH,Sep-15,630
CH,Oct-15,961
CH,Nov-15,881
CH,Dec-15,986
CH,Jan-16,1073
CH,Feb-16,1190
CH,Mar-16,1177
CH,Apr-16,1260
CH,May-16,1365
CH,Jun-16,712
CH,Jul-16,667
CH,Aug-16,630
CH,Sep-16,568
CH,Oct-16,1037
CH,Nov-16,1085
CH,Dec-16,1018
CH,Jan-17,995
CH,Feb-17,1136
CH,Mar-17,967
CH,Apr-17,1276
CH,May-17,1188
CH,Jun-17,707
CH,Jul-17,733
CH,Aug-17,657
CH,Sep-17,588
CH,Oct-17,986
CH,Nov-17,1155
CH,Dec-17,1054
CH,Jan-18,1281
CH,Feb-18,1037
CH,Mar-18,1230
CH,Apr-18,1487
CH,May-18,1098
CH,Jun-18,759
CH,Jul-18,786
CH,Aug-18,658
CH,Sep-18,709
CH,Oct-18,793
CH,Nov-18,746
CH,Dec-18,1190
CH,Jan-19,945
CH,Feb-19,850
CH,Mar-19,1139
CH,Apr-19,1246
CH,May-19,1437
CH,Jun-19,789
CH,Jul-19,642
CH,Aug-19,717
CH,Sep-19,652
CH,Oct-19,857
CH,Nov-19,1148
CH,Dec-19,904
CH,Jan-20,684
CH,Feb-20,878
CH,Mar-20,1186
CH,Apr-20,1169
CH,May-20,1081
CH,Jun-20,859
CH,Jul-20,607
CH,Aug-20,598
CH,Sep-20,530
CH,Oct-20,1080
CH,Nov-20,1027
CH,Dec-20,1152
CH,Jan-21,1147
CH,Feb-21,930
CH,Mar-21,1171
CH,Apr-21,1355
CH,May-21,1341
CH,Jun-21,836
CH,Jul-21,816
CH,Aug-21,564
CH,Sep-21,500
CH,Oct-21,1073
CH,Nov-21,1148
CH,Dec-21,1001
CH,Jan-22,716
CH,Feb-22,927
CH,Mar-22,1305
CH,Apr-22,1360
CH,May-22,1090
CH,Jun-22,809
CH,Jul-22,615
CH,Aug-22,657
CH,Sep-22,757
CH,Oct-22,1176
CH,Nov-22,984
CH,Dec-22,1292
CH,Jan-23,1259
CH,Feb-23,948
CH,Mar-23,1162
CH,Apr-23,1592
CH,May-23,1364
CH,Jun-23,579
CH,Jul-23,836
CH,Aug-23,564
CH,Sep-23,477
CH,Oct-23,721
CH,Nov-23,1131
CH,Dec-23,1167
FR,Jan-12,1655
FR,Feb-12,1264
FR,Mar-12,893
FR,Apr-12,2090
FR,May-12,1116
FR,Jun-12,1181
FR,Jul-12,1080
FR,Aug-12,860
FR,Sep-12,984
FR,Oct-12,1290
FR,Nov-12,1187
FR,Dec-12,2113
FR,Jan-13,1357
FR,Feb-13,1599
FR,Mar-13,1421
FR,Apr-13,1434
FR,May-13,1257
FR,Jun-13,1184
FR,Jul-13,766
FR,Aug-13,619
FR,Sep-13,903
FR,Oct-13,1295
FR,Nov-13,1902
FR,Dec-13,1500
FR,Jan-14,1824
FR,Feb-14,2176
FR,Mar-14,1135
FR,Apr-14,984
FR,May-14,1490
FR,Jun-14,845
FR,Jul-14,935
FR,Aug-14,801
FR,Sep-14,495
FR,Oct-14,905
FR,Nov-14,1091
FR,Dec-14,1648
FR,Jan-15,1739
FR,Feb-15,1643
FR,Mar-15,1683
FR,Apr-15,1101
FR,May-15,1298
FR,Jun-15,860
FR,Jul-15,1021
FR,Aug-15,758
FR,Sep-15,1183
FR,Oct-15,853
FR,Nov-15,1606
FR,Dec-15,1203
FR,Jan-16,1800
FR,Feb-16,2123
FR,Mar-16,1807
FR,Apr-16,1248
FR,May-16,1197
FR,Jun-16,821
FR,Jul-16,727
FR,Aug-16,713
FR,Sep-16,596
FR,Oct-16,716
FR,Nov-16,1440
FR,Dec-16,604
FR,Jan-17,1276
FR,Feb-17,1546
FR,Mar-17,1547
FR,Apr-17,959
FR,May-17,825
FR,Jun-17,872
FR,Jul-17,1112
FR,Aug-17,675
FR,Sep-17,999
FR,Oct-17,1003
FR,Nov-17,1290
FR,Dec-17,1861
FR,Jan-18,2232
FR,Feb-18,1569
FR,Mar-18,1887
FR,Apr-18,1089
FR,May-18,696
FR,Jun-18,726
FR,Jul-18,462
FR,Aug-18,603
FR,Sep-18,667
FR,Oct-18,1188
FR,Nov-18,1129
FR,Dec-18,1549
FR,Jan-19,1485
FR,Feb-19,987
FR,Mar-19,2161
FR,Apr-19,1094
FR,May-19,1305
FR,Jun-19,776
FR,Jul-19,787
FR,Aug-19,669
FR,Sep-19,1306
FR,Oct-19,1470
FR,Nov-19,1570
FR,Dec-19,2123
FR,Jan-20,1664
FR,Feb-20,2558
FR,Mar-20,2021
FR,Apr-20,869
FR,May-20,1177
FR,Jun-20,1027
FR,Jul-20,952
FR,Aug-20,948
FR,Sep-20,898
FR,Oct-20,1931
FR,Nov-20,1037
FR,Dec-20,1819
FR,Jan-21,1563
FR,Feb-21,1419
FR,Mar-21,1525
FR,Apr-21,1341
FR,May-21,1702
FR,Jun-21,532
FR,Jul-21,904
FR,Aug-21,879
FR,Sep-21,540
FR,Oct-21,1284
FR,Nov-21,1148
FR,Dec-21,1628
FR,Jan-22,1201
FR,Feb-22,1848
FR,Mar-22,1310
FR,Apr-22,1472
FR,May-22,684
FR,Jun-22,784
FR,Jul-22,731
FR,Aug-22,755
FR,Sep-22,941
FR,Oct-22,934
FR,Nov-22,1567
FR,Dec-22,1394
FR,Jan-23,2129
FR,Feb-23,1044
FR,Mar-23,2109
FR,Apr-23,1460
FR,May-23,1324
FR,Jun-23,670
FR,Jul-23,1243
FR,Aug-23,1094
FR,Sep-23,642
FR,Oct-23,1370
FR,Nov-23,2115
FR,Dec-23,2060
GM,Jan-12,1142
GM,Feb-12,648
GM,Mar-12,500
GM,Apr-12,429
GM,May-12,326
GM,Jun-12,389
GM,Jul-12,473
GM,Aug-12,221
GM,Sep-12,291
GM,Oct-12,366
GM,Nov-12,418
GM,Dec-12,714
GM,Jan-13,664
GM,Feb-13,486
GM,Mar-13,616
GM,Apr-13,509
GM,May-13,320
GM,Jun-13,386
GM,Jul-13,173
GM,Aug-13,172
GM,Sep-13,375
GM,Oct-13,505
GM,Nov-13,468
GM,Dec-13,691
GM,Jan-14,630
GM,Feb-14,625
GM,Mar-14,449
GM,Apr-14,371
GM,May-14,461
GM,Jun-14,212
GM,Jul-14,193
GM,Aug-14,335
GM,Sep-14,178
GM,Oct-14,301
GM,Nov-14,321
GM,Dec-14,902
GM,Jan-15,916
GM,Feb-15,446
GM,Mar-15,692
GM,Apr-15,439
GM,May-15,439
GM,Jun-15,290
GM,Jul-15,524
GM,Aug-15,198
GM,Sep-15,354
GM,Oct-15,131
GM,Nov-15,906
GM,Dec-15,765
GM,Jan-16,709
GM,Feb-16,866
GM,Mar-16,492
GM,Apr-16,469
GM,May-16,434
GM,Jun-16,156
GM,Jul-16,251
GM,Aug-16,211
GM,Sep-16,177
GM,Oct-16,261
GM,Nov-16,386
GM,Dec-16,450
GM,Jan-17,489
GM,Feb-17,692
GM,Mar-17,649
GM,Apr-17,522
GM,May-17,258
GM,Jun-17,482
GM,Jul-17,290
GM,Aug-17,214
GM,Sep-17,386
GM,Oct-17,707
GM,Nov-17,571
GM,Dec-17,878
GM,Jan-18,946
GM,Feb-18,453
GM,Mar-18,604
GM,Apr-18,444
GM,May-18,269
GM,Jun-18,225
GM,Jul-18,143
GM,Aug-18,213
GM,Sep-18,292
GM,Oct-18,431
GM,Nov-18,309
GM,Dec-18,729
GM,Jan-19,828
GM,Feb-19,464
GM,Mar-19,1073
GM,Apr-19,331
GM,May-19,339
GM,Jun-19,198
GM,Jul-19,244
GM,Aug-19,163
GM,Sep-19,343
GM,Oct-19,402
GM,Nov-19,305
GM,Dec-19,614
GM,Jan-20,670
GM,Feb-20,1262
GM,Mar-20,738
GM,Apr-20,351
GM,May-20,301
GM,Jun-20,237
GM,Jul-20,276
GM,Aug-20,178
GM,Sep-20,143
GM,Oct-20,517
GM,Nov-20,353
GM,Dec-20,325
GM,Jan-21,524
GM,Feb-21,324
GM,Mar-21,535
GM,Apr-21,410
GM,May-21,555
GM,Jun-21,92
GM,Jul-21,178
GM,Aug-21,253
GM,Sep-21,134
GM,Oct-21,381
GM,Nov-21,295
GM,Dec-21,426
GM,Jan-22,783
GM,Feb-22,1139
GM,Mar-22,234
GM,Apr-22,553
GM,May-22,276
GM,Jun-22,92
GM,Jul-22,211
GM,Aug-22,52
GM,Sep-22,280
GM,Oct-22,224
GM,Nov-22,353
GM,Dec-22,430
GM,Jan-23,879
GM,Feb-23,596
GM,Mar-23,769
GM,Apr-23,454
GM,May-23,244
GM,Jun-23,144
GM,Jul-23,386
GM,Aug-23,304
GM,Sep-23,151
GM,Oct-23,479
GM,Nov-23,813
GM,Dec-23,925
ID,Jan-12,130
ID,Feb-12,43
ID,Mar-12,123
ID,Apr-12,16
ID,May-12,120
ID,Jun-12,145
ID,Jul-12,198
ID,Aug-12,188
ID,Sep-12,71
ID,Oct-12,53
ID,Nov-12,11
ID,Dec-12,22
ID,Jan-13,181
ID,Feb-13,88
ID,Mar-13,70
ID,Apr-13,20
ID,May-13,23
ID,Jun-13,79
ID,Jul-13,160
ID,Aug-13,140
ID,Sep-13,126
ID,Oct-13,60
ID,Nov-13,12
ID,Dec-13,75
ID,Jan-14,277
ID,Feb-14,117
ID,Mar-14,52
ID,Apr-14,25
ID,May-14,24
ID,Jun-14,135
ID,Jul-14,149
ID,Aug-14,236
ID,Sep-14,71
ID,Oct-14,70
ID,Nov-14,22
ID,Dec-14,53
ID,Jan-15,165
ID,Feb-15,119
ID,Mar-15,82
ID,Apr-15,32
ID,May-15,39
ID,Jun-15,110
ID,Jul-15,196
ID,Aug-15,166
ID,Sep-15,138
ID,Oct-15,116
ID,Nov-15,10
ID,Dec-15,75
ID,Jan-16,62
ID,Feb-16,80
ID,Mar-16,41
ID,Apr-16,19
ID,May-16,25
ID,Jun-16,58
ID,Jul-16,107
ID,Aug-16,106
ID,Sep-16,43
ID,Oct-16,42
ID,Nov-16,12
ID,Dec-16,107
ID,Jan-17,98
ID,Feb-17,152
ID,Mar-17,33
ID,Apr-17,31
ID,May-17,79
ID,Jun-17,131
ID,Jul-17,130
ID,Aug-17,157
ID,Sep-17,88
ID,Oct-17,33
ID,Nov-17,24
ID,Dec-17,71
ID,Jan-18,162
ID,Feb-18,117
ID,Mar-18,75
ID,Apr-18,31
ID,May-18,76
ID,Jun-18,97
ID,Jul-18,144
ID,Aug-18,140
ID,Sep-18,55
ID,Oct-18,44
ID,Nov-18,20
ID,Dec-18,76
ID,Jan-19,123
ID,Feb-19,47
ID,Mar-19,43
ID,Apr-19,41
ID,May-19,80
ID,Jun-19,131
ID,Jul-19,111
ID,Aug-19,186
ID,Sep-19,95
ID,Oct-19,39
ID,Nov-19,23
ID,Dec-19,29
ID,Jan-20,78
ID,Feb-20,63
ID,Mar-20,19
ID,Apr-20,19
ID,May-20,85
ID,Jun-20,122
ID,Jul-20,154
ID,Aug-20,121
ID,Sep-20,85
ID,Oct-20,76
ID,Nov-20,19
ID,Dec-20,79
ID,Jan-21,86
ID,Feb-21,124
ID,Mar-21,27
ID,Apr-21,40
ID,May-21,70
ID,Jun-21,64
ID,Jul-21,91
ID,Aug-21,147
ID,Sep-21,123
ID,Oct-21,27
ID,Nov-21,18
ID,Dec-21,78
ID,Jan-22,75
ID,Feb-22,45
ID,Mar-22,28
ID,Apr-22,3
ID,May-22,25
ID,Jun-22,58
ID,Jul-22,124
ID,Aug-22,126
ID,Sep-22,42
ID,Oct-22,19
ID,Nov-22,17
ID,Dec-22,90
ID,Jan-23,130
ID,Feb-23,138
ID,Mar-23,60
ID,Apr-23,36
ID,May-23,122
ID,Jun-23,49
ID,Jul-23,182
ID,Aug-23,202
ID,Sep-23,155
ID,Oct-23,51
ID,Nov-23,23
ID,Dec-23,19
IN,Jan-12,8
IN,Feb-12,12
IN,Mar-12,17
IN,Apr-12,39
IN,May-12,153
IN,Jun-12,363
IN,Jul-12,309
IN,Aug-12,206
IN,Sep-12,88
IN,Oct-12,28
IN,Nov-12,17
IN,Dec-12,27
IN,Jan-13,11
IN,Feb-13,12
IN,Mar-13,9
IN,Apr-13,38
IN,May-13,172
IN,Jun-13,279
IN,Jul-13,304
IN,Aug-13,162
IN,Sep-13,60
IN,Oct-13,40
IN,Nov-13,16
IN,Dec-13,26
IN,Jan-14,29
IN,Feb-14,7
IN,Mar-14,16
IN,Apr-14,12
IN,May-14,90
IN,Jun-14,327
IN,Jul-14,348
IN,Aug-14,183
IN,Sep-14,98
IN,Oct-14,17
IN,Nov-14,19
IN,Dec-14,29
IN,Jan-15,9
IN,Feb-15,14
IN,Mar-15,9
IN,Apr-15,53
IN,May-15,101
IN,Jun-15,213
IN,Jul-15,308
IN,Aug-15,112
IN,Sep-15,60
IN,Oct-15,7
IN,Nov-15,20
IN,Dec-15,34
IN,Jan-16,23
IN,Feb-16,24
IN,Mar-16,61
IN,Apr-16,178
IN,May-16,287
IN,Jun-16,332
IN,Jul-16,343
IN,Aug-16,342
IN,Sep-16,103
IN,Oct-16,25
IN,Nov-16,13
IN,Dec-16,46
IN,Jan-17,17
IN,Feb-17,48
IN,Mar-17,72
IN,Apr-17,192
IN,May-17,206
IN,Jun-17,362
IN,Jul-17,470
IN,Aug-17,204
IN,Sep-17,62
IN,Oct-17,28
IN,Nov-17,25
IN,Dec-17,56
IN,Jan-18,13
IN,Feb-18,14
IN,Mar-18,34
IN,Apr-18,69
IN,May-18,173
IN,Jun-18,445
IN,Jul-18,581
IN,Aug-18,461
IN,Sep-18,94
IN,Oct-18,27
IN,Nov-18,18
IN,Dec-18,38
IN,Jan-19,31
IN,Feb-19,30
IN,Mar-19,40
IN,Apr-19,75
IN,May-19,244
IN,Jun-19,419
IN,Jul-19,535
IN,Aug-19,402
IN,Sep-19,153
IN,Oct-19,28
IN,Nov-19,17
IN,Dec-19,41
IN,Jan-20,25
IN,Feb-20,19
IN,Mar-20,30
IN,Apr-20,41
IN,May-20,194
IN,Jun-20,192
IN,Jul-20,152
IN,Aug-20,321
IN,Sep-20,76
IN,Oct-20,34
IN,Nov-20,33
IN,Dec-20,21
IN,Jan-21,14
IN,Feb-21,15
IN,Mar-21,36
IN,Apr-21,43
IN,May-21,234
IN,Jun-21,334
IN,Jul-21,424
IN,Aug-21,198
IN,Sep-21,178
IN,Oct-21,12
IN,Nov-21,16
IN,Dec-21,19
IN,Jan-22,15
IN,Feb-22,20
IN,Mar-22,47
IN,Apr-22,98
IN,May-22,327
IN,Jun-22,242
IN,Jul-22,316
IN,Aug-22,305
IN,Sep-22,105
IN,Oct-22,16
IN,Nov-22,11
IN,Dec-22,17
IN,Jan-23,17
IN,Feb-23,15
IN,Mar-23,37
IN,Apr-23,31
IN,May-23,132
IN,Jun-23,425
IN,Jul-23,425
IN,Aug-23,327
IN,Sep-23,182
IN,Oct-23,21
IN,Nov-23,16
IN,Dec-23,32
IT,Jan-12,624
IT,Feb-12,788
IT,Mar-12,561
IT,Apr-12,733
IT,May-12,522
IT,Jun-12,350
IT,Jul-12,418
IT,Aug-12,272
IT,Sep-12,418
IT,Oct-12,395
IT,Nov-12,544
IT,Dec-12,701
IT,Jan-13,720
IT,Feb-13,608
IT,Mar-13,880
IT,Apr-13,563
IT,May-13,775
IT,Jun-13,447
IT,Jul-13,258
IT,Aug-13,340
IT,Sep-13,410
IT,Oct-13,362
IT,Nov-13,785
IT,Dec-13,488
IT,Jan-14,725
IT,Feb-14,726
IT,Mar-14,690
IT,Apr-14,637
IT,May-14,503
IT,Jun-14,441
IT,Jul-14,587
IT,Aug-14,398
IT,Sep-14,367
IT,Oct-14,462
IT,Nov-14,583
IT,Dec-14,632
IT,Jan-15,748
IT,Feb-15,738
IT,Mar-15,892
IT,Apr-15,621
IT,May-15,510
IT,Jun-15,357
IT,Jul-15,274
IT,Aug-15,252
IT,Sep-15,498
IT,Oct-15,526
IT,Nov-15,426
IT,Dec-15,207
IT,Jan-16,865
IT,Feb-16,1115
IT,Mar-16,968
IT,Apr-16,779
IT,May-16,767
IT,Jun-16,473
IT,Jul-16,438
IT,Aug-16,543
IT,Sep-16,329
IT,Oct-16,595
IT,Nov-16,669
IT,Dec-16,605
IT,Jan-17,940
IT,Feb-17,646
IT,Mar-17,823
IT,Apr-17,674
IT,May-17,472
IT,Jun-17,374
IT,Jul-17,524
IT,Aug-17,419
IT,Sep-17,549
IT,Oct-17,540
IT,Nov-17,709
IT,Dec-17,990
IT,Jan-18,877
IT,Feb-18,890
IT,Mar-18,1118
IT,Apr-18,538
IT,May-18,362
IT,Jun-18,506
IT,Jul-18,436
IT,Aug-18,220
IT,Sep-18,369
IT,Oct-18,721
IT,Nov-18,580
IT,Dec-18,632
IT,Jan-19,838
IT,Feb-19,832
IT,Mar-19,905
IT,Apr-19,612
IT,May-19,717
IT,Jun-19,331
IT,Jul-19,428
IT,Aug-19,265
IT,Sep-19,400
IT,Oct-19,451
IT,Nov-19,933
IT,Dec-19,1061
IT,Jan-20,566
IT,Feb-20,862
IT,Mar-20,809
IT,Apr-20,506
IT,May-20,677
IT,Jun-20,511
IT,Jul-20,343
IT,Aug-20,428
IT,Sep-20,461
IT,Oct-20,615
IT,Nov-20,444
IT,Dec-20,766
IT,Jan-21,962
IT,Feb-21,623
IT,Mar-21,659
IT,Apr-21,664
IT,May-21,675
IT,Jun-21,300
IT,Jul-21,489
IT,Aug-21,422
IT,Sep-21,299
IT,Oct-21,673
IT,Nov-21,690
IT,Dec-21,844
IT,Jan-22,760
IT,Feb-22,783
IT,Mar-22,702
IT,Apr-22,840
IT,May-22,378
IT,Jun-22,365
IT,Jul-22,302
IT,Aug-22,346
IT,Sep-22,538
IT,Oct-22,285
IT,Nov-22,602
IT,Dec-22,435
IT,Jan-23,732
IT,Feb-23,578
IT,Mar-23,689
IT,Apr-23,541
IT,May-23,490
IT,Jun-23,234
IT,Jul-23,359
IT,Aug-23,459
IT,Sep-23,457
IT,Oct-23,505
IT,Nov-23,839
IT,Dec-23,615
JA,Jan-12,1738
JA,Feb-12,1756
JA,Mar-12,1942
JA,Apr-12,1803
JA,May-12,1215
JA,Jun-12,1074
JA,Jul-12,1022
JA,Aug-12,1030
JA,Sep-12,898
JA,Oct-12,1383
JA,Nov-12,1645
JA,Dec-12,2087
JA,Jan-13,1785
JA,Feb-13,1672
JA,Mar-13,2090
JA,Apr-13,2196
JA,May-13,1307
JA,Jun-13,782
JA,Jul-13,1075
JA,Aug-13,734
JA,Sep-13,1130
JA,Oct-13,1752
JA,Nov-13,1484
JA,Dec-13,1955
JA,Jan-14,1669
JA,Feb-14,1823
JA,Mar-14,2098
JA,Apr-14,1369
JA,May-14,1435
JA,Jun-14,878
JA,Jul-14,916
JA,Aug-14,1146
JA,Sep-14,711
JA,Oct-14,1607
JA,Nov-14,1279
JA,Dec-14,2324
JA,Jan-15,2062
JA,Feb-15,1730
JA,Mar-15,1736
JA,Apr-15,1537
JA,May-15,1198
JA,Jun-15,889
JA,Jul-15,1254
JA,Aug-15,844
JA,Sep-15,859
JA,Oct-15,1492
JA,Nov-15,1088
JA,Dec-15,1550
JA,Jan-16,1576
JA,Feb-16,1792
JA,Mar-16,1343
JA,Apr-16,1646
JA,May-16,1490
JA,Jun-16,1013
JA,Jul-16,805
JA,Aug-16,999
JA,Sep-16,834
JA,Oct-16,1326
JA,Nov-16,1209
JA,Dec-16,1699
JA,Jan-17,1770
JA,Feb-17,1955
JA,Mar-17,1532
JA,Apr-17,1842
JA,May-17,972
JA,Jun-17,952
JA,Jul-17,655
JA,Aug-17,1009
JA,Sep-17,1025
JA,Oct-17,1625
JA,Nov-17,1490
JA,Dec-17,1933
JA,Jan-18,1984
JA,Feb-18,1687
JA,Mar-18,2057
JA,Apr-18,1647
JA,May-18,1306
JA,Jun-18,1175
JA,Jul-18,1228
JA,Aug-18,1401
JA,Sep-18,1157
JA,Oct-18,1235
JA,Nov-18,789
JA,Dec-18,1767
JA,Jan-19,1813
JA,Feb-19,1281
JA,Mar-19,1957
JA,Apr-19,1494
JA,May-19,1235
JA,Jun-19,1072
JA,Jul-19,982
JA,Aug-19,1279
JA,Sep-19,1247
JA,Oct-19,1542
JA,Nov-19,1592
JA,Dec-19,1571
JA,Jan-20,1611
JA,Feb-20,1506
JA,Mar-20,1883
JA,Apr-20,1940
JA,May-20,1237
JA,Jun-20,1137
JA,Jul-20,1012
JA,Aug-20,851
JA,Sep-20,1262
JA,Oct-20,1345
JA,Nov-20,1440
JA,Dec-20,1547
JA,Jan-21,1835
JA,Feb-21,1977
JA,Mar-21,1743
JA,Apr-21,2006
JA,May-21,1596
JA,Jun-21,836
JA,Jul-21,895
JA,Aug-21,1198
JA,Sep-21,914
JA,Oct-21,1237
JA,Nov-21,1510
JA,Dec-21,2126
JA,Jan-22,1761
JA,Feb-22,1901
JA,Mar-22,1665
JA,Apr-22,1406
JA,May-22,1181
JA,Jun-22,1269
JA,Jul-22,931
JA,Aug-22,892
JA,Sep-22,1458
JA,Oct-22,1382
JA,Nov-22,1104
JA,Dec-22,2040
JA,Jan-23,1708
JA,Feb-23,1576
JA,Mar-23,1260
JA,Apr-23,1867
JA,May-23,1035
JA,Jun-23,695
JA,Jul-23,1071
JA,Aug-23,1340
JA,Sep-23,632
JA,Oct-23,1002
JA,Nov-23,1693
JA,Dec-23,1618
KR,Jan-12,48
KR,Feb-12,30
KR,Mar-12,37
KR,Apr-12,20
KR,May-12,36
KR,Jun-12,20
KR,Jul-12,23
KR,Aug-12,19
KR,Sep-12,31
KR,Oct-12,15
KR,Nov-12,19
KR,Dec-12,47
KR,Jan-13,41
KR,Feb-13,65
KR,Mar-13,56
KR,Apr-13,47
KR,May-13,37
KR,Jun-13,38
KR,Jul-13,34
KR,Aug-13,40
KR,Sep-13,39
KR,Oct-13,20
KR,Nov-13,26
KR,Dec-13,50
KR,Jan-14,47
KR,Feb-14,22
KR,Mar-14,28
KR,Apr-14,9
KR,May-14,9
KR,Jun-14,26
KR,Jul-14,24
KR,Aug-14,9
KR,Sep-14,27
KR,Oct-14,9
KR,Nov-14,16
KR,Dec-14,20
KR,Jan-15,20
KR,Feb-15,17
KR,Mar-15,23
KR,Apr-15,6
KR,May-15,12
KR,Jun-15,8
KR,Jul-15,23
KR,Aug-15,29
KR,Sep-15,30
KR,Oct-15,25
KR,Nov-15,7
KR,Dec-15,21
KR,Jan-16,55
KR,Feb-16,65
KR,Mar-16,66
KR,Apr-16,49
KR,May-16,22
KR,Jun-16,28
KR,Jul-16,51
KR,Aug-16,57
KR,Sep-16,89
KR,Oct-16,55
KR,Nov-16,63
KR,Dec-16,54
KR,Jan-17,126
KR,Feb-17,112
KR,Mar-17,124
KR,Apr-17,102
KR,May-17,77
KR,Jun-17,23
KR,Jul-17,61
KR,Aug-17,61
KR,Sep-17,80
KR,Oct-17,62
KR,Nov-17,87
KR,Dec-17,86
KR,Jan-18,116
KR,Feb-18,87
KR,Mar-18,98
KR,Apr-18,40
KR,May-18,59
KR,Jun-18,28
KR,Jul-18,41
KR,Aug-18,7
KR,Sep-18,5
KR,Oct-18,0
KR,Nov-18,3
KR,Dec-18,10
KR,Jan-19,19
KR,Feb-19,26
KR,Mar-19,8
KR,Apr-19,11
KR,May-19,0
KR,Jun-19,4
KR,Jul-19,1
KR,Aug-19,3
KR,Sep-19,5
KR,Oct-19,5
KR,Nov-19,14
KR,Dec-19,4
KR,Jan-20,8
KR,Feb-20,9
KR,Mar-20,9
KR,Apr-20,6
KR,May-20,6
KR,Jun-20,13
KR,Jul-20,40
KR,Aug-20,28
KR,Sep-20,41
KR,Oct-20,44
KR,Nov-20,54
KR,Dec-20,76
KR,Jan-21,103
KR,Feb-21,48
KR,Mar-21,46
KR,Apr-21,33
KR,May-21,74
KR,Jun-21,25
KR,Jul-21,66
KR,Aug-21,39
KR,Sep-21,101
KR,Oct-21,43
KR,Nov-21,67
KR,Dec-21,52
KR,Jan-22,38
KR,Feb-22,76
KR,Mar-22,76
KR,Apr-22,78
KR,May-22,29
KR,Jun-22,53
KR,Jul-22,88
KR,Aug-22,63
KR,Sep-22,45
KR,Oct-22,56
KR,Nov-22,45
KR,Dec-22,70
KR,Jan-23,76
KR,Feb-23,59
KR,Mar-23,42
KR,Apr-23,28
KR,May-23,15
KR,Jun-23,17
KR,Jul-23,18
KR,Aug-23,8
KR,Sep-23,10
KR,Oct-23,17
KR,Nov-23,13
KR,Dec-23,13
MX,Jan-12,328
MX,Feb-12,341
MX,Mar-12,458
MX,Apr-12,368
MX,May-12,304
MX,Jun-12,272
MX,Jul-12,222
MX,Aug-12,180
MX,Sep-12,120
MX,Oct-12,162
MX,Nov-12,157
MX,Dec-12,237
MX,Jan-13,334
MX,Feb-13,337
MX,Mar-13,430
MX,Apr-13,436
MX,May-13,395
MX,Jun-13,232
MX,Jul-13,192
MX,Aug-13,159
MX,Sep-13,161
MX,Oct-13,137
MX,Nov-13,255
MX,Dec-13,294
MX,Jan-14,253
MX,Feb-14,236
MX,Mar-14,375
MX,Apr-14,401
MX,May-14,372
MX,Jun-14,287
MX,Jul-14,190
MX,Aug-14,155
MX,Sep-14,144
MX,Oct-14,124
MX,Nov-14,266
MX,Dec-14,198
MX,Jan-15,333
MX,Feb-15,267
MX,Mar-15,286
MX,Apr-15,325
MX,May-15,351
MX,Jun-15,219
MX,Jul-15,272
MX,Aug-15,177
MX,Sep-15,114
MX,Oct-15,215
MX,Nov-15,230
MX,Dec-15,311
MX,Jan-16,253
MX,Feb-16,306
MX,Mar-16,438
MX,Apr-16,342
MX,May-16,337
MX,Jun-16,202
MX,Jul-16,263
MX,Aug-16,164
MX,Sep-16,123
MX,Oct-16,101
MX,Nov-16,208
MX,Dec-16,243
MX,Jan-17,328
MX,Feb-17,288
MX,Mar-17,392
MX,Apr-17,391
MX,May-17,415
MX,Jun-17,265
MX,Jul-17,211
MX,Aug-17,179
MX,Sep-17,126
MX,Oct-17,177
MX,Nov-17,131
MX,Dec-17,189
MX,Jan-18,288
MX,Feb-18,270
MX,Mar-18,378
MX,Apr-18,358
MX,May-18,243
MX,Jun-18,297
MX,Jul-18,230
MX,Aug-18,182
MX,Sep-18,87
MX,Oct-18,218
MX,Nov-18,195
MX,Dec-18,244
MX,Jan-19,236
MX,Feb-19,333
MX,Mar-19,380
MX,Apr-19,431
MX,May-19,467
MX,Jun-19,320
MX,Jul-19,244
MX,Aug-19,198
MX,Sep-19,137
MX,Oct-19,164
MX,Nov-19,195
MX,Dec-19,202
MX,Jan-20,250
MX,Feb-20,369
MX,Mar-20,376
MX,Apr-20,342
MX,May-20,311
MX,Jun-20,332
MX,Jul-20,246
MX,Aug-20,170
MX,Sep-20,132
MX,Oct-20,190
MX,Nov-20,217
MX,Dec-20,229
MX,Jan-21,225
MX,Feb-21,258
MX,Mar-21,435
MX,Apr-21,405
MX,May-21,366
MX,Jun-21,256
MX,Jul-21,175
MX,Aug-21,172
MX,Sep-21,90
MX,Oct-21,128
MX,Nov-21,74
MX,Dec-21,117
MX,Jan-22,210
MX,Feb-22,294
MX,Mar-22,358
MX,Apr-22,387
MX,May-22,389
MX,Jun-22,263
MX,Jul-22,188
MX,Aug-22,142
MX,Sep-22,107
MX,Oct-22,146
MX,Nov-22,139
MX,Dec-22,173
MX,Jan-23,233
MX,Feb-23,307
MX,Mar-23,312
MX,Apr-23,324
MX,May-23,216
MX,Jun-23,307
MX,Jul-23,282
MX,Aug-23,213
MX,Sep-23,115
MX,Oct-23,244
MX,Nov-23,203
MX,Dec-23,138
RS,Jan-12,2050
RS,Feb-12,2180
RS,Mar-12,3062
RS,Apr-12,3114
RS,May-12,2920
RS,Jun-12,1941
RS,Jul-12,1570
RS,Aug-12,2156
RS,Sep-12,2297
RS,Oct-12,3599
RS,Nov-12,3754
RS,Dec-12,4235
RS,Jan-13,3009
RS,Feb-13,2932
RS,Mar-13,4482
RS,Apr-13,3515
RS,May-13,3474
RS,Jun-13,2125
RS,Jul-13,1444
RS,Aug-13,1785
RS,Sep-13,2316
RS,Oct-13,3711
RS,Nov-13,3962
RS,Dec-13,4480
RS,Jan-14,3109
RS,Feb-14,2897
RS,Mar-14,4385
RS,Apr-14,4254
RS,May-14,3154
RS,Jun-14,2300
RS,Jul-14,1855
RS,Aug-14,1652
RS,Sep-14,2320
RS,Oct-14,3564
RS,Nov-14,3512
RS,Dec-14,3776
RS,Jan-15,4222
RS,Feb-15,3479
RS,Mar-15,4745
RS,Apr-15,3365
RS,May-15,2712
RS,Jun-15,2166
RS,Jul-15,1951
RS,Aug-15,1825
RS,Sep-15,1839
RS,Oct-15,3594
RS,Nov-15,3581
RS,Dec-15,4708
RS,Jan-16,3309
RS,Feb-16,3690
RS,Mar-16,3412
RS,Apr-16,2742
RS,May-16,2646
RS,Jun-16,1823
RS,Jul-16,1482
RS,Aug-16,1891
RS,Sep-16,1906
RS,Oct-16,2584
RS,Nov-16,3485
RS,Dec-16,3800
RS,Jan-17,3936
RS,Feb-17,3855
RS,Mar-17,3731
RS,Apr-17,3912
RS,May-17,3075
RS,Jun-17,2011
RS,Jul-17,1568
RS,Aug-17,1748
RS,Sep-17,2088
RS,Oct-17,2771
RS,Nov-17,3243
RS,Dec-17,3893
RS,Jan-18,3805
RS,Feb-18,2347
RS,Mar-18,3907
RS,Apr-18,3358
RS,May-18,2937
RS,Jun-18,2039
RS,Jul-18,1611
RS,Aug-18,1580
RS,Sep-18,2011
RS,Oct-18,2733
RS,Nov-18,3472
RS,Dec-18,3305
RS,Jan-19,3151
RS,Feb-19,3152
RS,Mar-19,3401
RS,Apr-19,2767
RS,May-19,2685
RS,Jun-19,1791
RS,Jul-19,1837
RS,Aug-19,1660
RS,Sep-19,1970
RS,Oct-19,3049
RS,Nov-19,3367
RS,Dec-19,3298
RS,Jan-20,3807
RS,Feb-20,3842
RS,Mar-20,4780
RS,Apr-20,3599
RS,May-20,2489
RS,Jun-20,1732
RS,Jul-20,1663
RS,Aug-20,1538
RS,Sep-20,2119
RS,Oct-20,2689
RS,Nov-20,3692
RS,Dec-20,3306
RS,Jan-21,2959
RS,Feb-21,2789
RS,Mar-21,3759
RS,Apr-21,3259
RS,May-21,2498
RS,Jun-21,1692
RS,Jul-21,1597
RS,Aug-21,1440
RS,Sep-21,2016
RS,Oct-21,2736
RS,Nov-21,3577
RS,Dec-21,3171
RS,Jan-22,3335
RS,Feb-22,2928
RS,Mar-22,3318
RS,Apr-22,2526
RS,May-22,2544
RS,Jun-22,1669
RS,Jul-22,1275
RS,Aug-22,1702
RS,Sep-22,1930
RS,Oct-22,2510
RS,Nov-22,2627
RS,Dec-22,3195
RS,Jan-23,3818
RS,Feb-23,2567
RS,Mar-23,3696
RS,Apr-23,2878
RS,May-23,2202
RS,Jun-23,1652
RS,Jul-23,1309
RS,Aug-23,1259
RS,Sep-23,1700
RS,Oct-23,2915
RS,Nov-23,3220
RS,Dec-23,3574
SA,Jan-12,162
SA,Feb-12,255
SA,Mar-12,312
SA,Apr-12,177
SA,May-12,232
SA,Jun-12,202
SA,Jul-12,212
SA,Aug-12,182
SA,Sep-12,87
SA,Oct-12,75
SA,Nov-12,111
SA,Dec-12,165
SA,Jan-13,191
SA,Feb-13,183
SA,Mar-13,267
SA,Apr-13,250
SA,May-13,222
SA,Jun-13,304
SA,Jul-13,279
SA,Aug-13,190
SA,Sep-13,139
SA,Oct-13,115
SA,Nov-13,126
SA,Dec-13,168
SA,Jan-14,159
SA,Feb-14,157
SA,Mar-14,249
SA,Apr-14,209
SA,May-14,201
SA,Jun-14,246
SA,Jul-14,300
SA,Aug-14,219
SA,Sep-14,114
SA,Oct-14,148
SA,Nov-14,125
SA,Dec-14,101
SA,Jan-15,156
SA,Feb-15,216
SA,Mar-15,270
SA,Apr-15,327
SA,May-15,223
SA,Jun-15,264
SA,Jul-15,218
SA,Aug-15,185
SA,Sep-15,89
SA,Oct-15,105
SA,Nov-15,171
SA,Dec-15,188
SA,Jan-16,186
SA,Feb-16,212
SA,Mar-16,289
SA,Apr-16,168
SA,May-16,232
SA,Jun-16,211
SA,Jul-16,241
SA,Aug-16,174
SA,Sep-16,110
SA,Oct-16,60
SA,Nov-16,102
SA,Dec-16,190
SA,Jan-17,152
SA,Feb-17,219
SA,Mar-17,299
SA,Apr-17,285
SA,May-17,211
SA,Jun-17,218
SA,Jul-17,239
SA,Aug-17,196
SA,Sep-17,97
SA,Oct-17,104
SA,Nov-17,99
SA,Dec-17,102
SA,Jan-18,141
SA,Feb-18,132
SA,Mar-18,175
SA,Apr-18,225
SA,May-18,227
SA,Jun-18,252
SA,Jul-18,281
SA,Aug-18,224
SA,Sep-18,99
SA,Oct-18,122
SA,Nov-18,138
SA,Dec-18,142
SA,Jan-19,200
SA,Feb-19,233
SA,Mar-19,335
SA,Apr-19,248
SA,May-19,133
SA,Jun-19,226
SA,Jul-19,263
SA,Aug-19,278
SA,Sep-19,131
SA,Oct-19,94
SA,Nov-19,114
SA,Dec-19,126
SA,Jan-20,213
SA,Feb-20,242
SA,Mar-20,326
SA,Apr-20,275
SA,May-20,240
SA,Jun-20,276
SA,Jul-20,226
SA,Aug-20,267
SA,Sep-20,83
SA,Oct-20,40
SA,Nov-20,140
SA,Dec-20,136
SA,Jan-21,134
SA,Feb-21,231
SA,Mar-21,279
SA,Apr-21,205
SA,May-21,148
SA,Jun-21,280
SA,Jul-21,270
SA,Aug-21,164
SA,Sep-21,160
SA,Oct-21,113
SA,Nov-21,91
SA,Dec-21,136
SA,Jan-22,192
SA,Feb-22,215
SA,Mar-22,249
SA,Apr-22,174
SA,May-22,256
SA,Jun-22,208
SA,Jul-22,261
SA,Aug-22,197
SA,Sep-22,101
SA,Oct-22,62
SA,Nov-22,125
SA,Dec-22,104
SA,Jan-23,157
SA,Feb-23,198
SA,Mar-23,243
SA,Apr-23,186
SA,May-23,185
SA,Jun-23,154
SA,Jul-23,156
SA,Aug-23,127
SA,Sep-23,75
SA,Oct-23,101
SA,Nov-23,83
SA,Dec-23,80
TU,Jan-12,374
TU,Feb-12,331
TU,Mar-12,339
TU,Apr-12,259
TU,May-12,145
TU,Jun-12,327
TU,Jul-12,390
TU,Aug-12,351
TU,Sep-12,230
TU,Oct-12,161
TU,Nov-12,218
TU,Dec-12,281
TU,Jan-13,351
TU,Feb-13,177
TU,Mar-13,440
TU,Apr-13,236
TU,May-13,175
TU,Jun-13,325
TU,Jul-13,575
TU,Aug-13,442
TU,Sep-13,193
TU,Oct-13,267
TU,Nov-13,171
TU,Dec-13,359
TU,Jan-14,190
TU,Feb-14,202
TU,Mar-14,352
TU,Apr-14,210
TU,May-14,237
TU,Jun-14,296
TU,Jul-14,361
TU,Aug-14,385
TU,Sep-14,265
TU,Oct-14,291
TU,Nov-14,239
TU,Dec-14,219
TU,Jan-15,444
TU,Feb-15,574
TU,Mar-15,293
TU,Apr-15,421
TU,May-15,214
TU,Jun-15,305
TU,Jul-15,434
TU,Aug-15,400
TU,Sep-15,211
TU,Oct-15,256
TU,Nov-15,225
TU,Dec-15,255
TU,Jan-16,423
TU,Feb-16,297
TU,Mar-16,418
TU,Apr-16,237
TU,May-16,272
TU,Jun-16,360
TU,Jul-16,525
TU,Aug-16,439
TU,Sep-16,303
TU,Oct-16,213
TU,Nov-16,265
TU,Dec-16,406
TU,Jan-17,413
TU,Feb-17,312
TU,Mar-17,237
TU,Apr-17,231
TU,May-17,279
TU,Jun-17,215
TU,Jul-17,419
TU,Aug-17,434
TU,Sep-17,200
TU,Oct-17,220
TU,Nov-17,146
TU,Dec-17,294
TU,Jan-18,374
TU,Feb-18,278
TU,Mar-18,416
TU,Apr-18,220
TU,May-18,161
TU,Jun-18,193
TU,Jul-18,298
TU,Aug-18,441
TU,Sep-18,309
TU,Oct-18,228
TU,Nov-18,310
TU,Dec-18,277
TU,Jan-19,446
TU,Feb-19,325
TU,Mar-19,394
TU,Apr-19,230
TU,May-19,158
TU,Jun-19,285
TU,Jul-19,389
TU,Aug-19,508
TU,Sep-19,352
TU,Oct-19,121
TU,Nov-19,95
TU,Dec-19,295
TU,Jan-20,398
TU,Feb-20,447
TU,Mar-20,409
TU,Apr-20,351
TU,May-20,307
TU,Jun-20,183
TU,Jul-20,504
TU,Aug-20,432
TU,Sep-20,283
TU,Oct-20,79
TU,Nov-20,282
TU,Dec-20,202
TU,Jan-21,374
TU,Feb-21,339
TU,Mar-21,434
TU,Apr-21,381
TU,May-21,301
TU,Jun-21,240
TU,Jul-21,486
TU,Aug-21,362
TU,Sep-21,367
TU,Oct-21,258
TU,Nov-21,264
TU,Dec-21,327
TU,Jan-22,407
TU,Feb-22,314
TU,Mar-22,465
TU,Apr-22,366
TU,May-22,273
TU,Jun-22,393
TU,Jul-22,589
TU,Aug-22,344
TU,Sep-22,273
TU,Oct-22,298
TU,Nov-22,187
TU,Dec-22,165
TU,Jan-23,219
TU,Feb-23,357
TU,Mar-23,411
TU,Apr-23,248
TU,May-23,260
TU,Jun-23,256
TU,Jul-23,421
TU,Aug-23,344
TU,Sep-23,324
TU,Oct-23,144
TU,Nov-23,354
TU,Dec-23,204
UK,Jan-12,3356
UK,Feb-12,2553
UK,Mar-12,2247
UK,Apr-12,2731
UK,May-12,2271
UK,Jun-12,2666
UK,Jul-12,2001
UK,Aug-12,2081
UK,Sep-12,2998
UK,Oct-12,2340
UK,Nov-12,2593
UK,Dec-12,3332
UK,Jan-13,2957
UK,Feb-13,2358
UK,Mar-13,2996
UK,Apr-13,3419
UK,May-13,3195
UK,Jun-13,2188
UK,Jul-13,1502
UK,Aug-13,2134
UK,Sep-13,2105
UK,Oct-13,3515
UK,Nov-13,2547
UK,Dec-13,4065
UK,Jan-14,3693
UK,Feb-14,4254
UK,Mar-14,3231
UK,Apr-14,2461
UK,May-14,2085
UK,Jun-14,1177
UK,Jul-14,1691
UK,Aug-14,2816
UK,Sep-14,1118
UK,Oct-14,3328
UK,Nov-14,2374
UK,Dec-14,3474
UK,Jan-15,4029
UK,Feb-15,2736
UK,Mar-15,3493
UK,Apr-15,2290
UK,May-15,3517
UK,Jun-15,2386
UK,Jul-15,2471
UK,Aug-15,2238
UK,Sep-15,1759
UK,Oct-15,1838
UK,Nov-15,3961
UK,Dec-15,4825
UK,Jan-16,3692
UK,Feb-16,3228
UK,Mar-16,2539
UK,Apr-16,2487
UK,May-16,2451
UK,Jun-16,1607
UK,Jul-16,2203
UK,Aug-16,2357
UK,Sep-16,2556
UK,Oct-16,1942
UK,Nov-16,2336
UK,Dec-16,2623
UK,Jan-17,2571
UK,Feb-17,3251
UK,Mar-17,3271
UK,Apr-17,2508
UK,May-17,2397
UK,Jun-17,2934
UK,Jul-17,2302
UK,Aug-17,2216
UK,Sep-17,2376
UK,Oct-17,3611
UK,Nov-17,2828
UK,Dec-17,3048
UK,Jan-18,3640
UK,Feb-18,2821
UK,Mar-18,3061
UK,Apr-18,2748
UK,May-18,2075
UK,Jun-18,1677
UK,Jul-18,1328
UK,Aug-18,1972
UK,Sep-18,2609
UK,Oct-18,2772
UK,Nov-18,3238
UK,Dec-18,2931
UK,Jan-19,2422
UK,Feb-19,2657
UK,Mar-19,3659
UK,Apr-19,2321
UK,May-19,1635
UK,Jun-19,2223
UK,Jul-19,1785
UK,Aug-19,2670
UK,Sep-19,2559
UK,Oct-19,2620
UK,Nov-19,2201
UK,Dec-19,3219
UK,Jan-20,3751
UK,Feb-20,4572
UK,Mar-20,3664
UK,Apr-20,2068
UK,May-20,2100
UK,Jun-20,2162
UK,Jul-20,2342
UK,Aug-20,2191
UK,Sep-20,2411
UK,Oct-20,3026
UK,Nov-20,3004
UK,Dec-20,2818
UK,Jan-21,2350
UK,Feb-21,2805
UK,Mar-21,2762
UK,Apr-21,1668
UK,May-21,2110
UK,Jun-21,1499
UK,Jul-21,1113
UK,Aug-21,1623
UK,Sep-21,1560
UK,Oct-21,2853
UK,Nov-21,2488
UK,Dec-21,2718
UK,Jan-22,2745
UK,Feb-22,4175
UK,Mar-22,2386
UK,Apr-22,2234
UK,May-22,2366
UK,Jun-22,2135
UK,Jul-22,1785
UK,Aug-22,1463
UK,Sep-22,1774
UK,Oct-22,2937
UK,Nov-22,2822
UK,Dec-22,2353
UK,Jan-23,3319
UK,Feb-23,2537
UK,Mar-23,2811
UK,Apr-23,2246
UK,May-23,1672
UK,Jun-23,1424
UK,Jul-23,2609
UK,Aug-23,1926
UK,Sep-23,2005
UK,Oct-23,2573
UK,Nov-23,2518
UK,Dec-23,3582
US,Jan-12,705
US,Feb-12,660
US,Mar-12,734
US,Apr-12,652
US,May-12,510
US,Jun-12,499
US,Jul-12,325
US,Aug-12,372
US,Sep-12,444
US,Oct-12,689
US,Nov-12,660
US,Dec-12,755
US,Jan-13,839
US,Feb-13,721
US,Mar-13,764
US,Apr-13,786
US,May-13,417
US,Jun-13,244
US,Jul-13,435
US,Aug-13,417
US,Sep-13,473
US,Oct-13,516
US,Nov-13,765
US,Dec-13,696
US,Jan-14,730
US,Feb-14,566
US,Mar-14,639
US,Apr-14,609
US,May-14,532
US,Jun-14,364
US,Jul-14,310
US,Aug-14,294
US,Sep-14,398
US,Oct-14,516
US,Nov-14,706
US,Dec-14,625
US,Jan-15,663
US,Feb-15,582
US,Mar-15,564
US,Apr-15,590
US,May-15,571
US,Jun-15,384
US,Jul-15,376
US,Aug-15,350
US,Sep-15,341
US,Oct-15,554
US,Nov-15,614
US,Dec-15,629
US,Jan-16,47
US,Feb-16,42
US,Mar-16,61
US,Apr-16,41
US,May-16,43
US,Jun-16,26
US,Jul-16,23
US,Aug-16,24
US,Sep-16,20
US,Oct-16,54
US,Nov-16,48
US,Dec-16,47
US,Jan-17,670
US,Feb-17,606
US,Mar-17,766
US,Apr-17,680
US,May-17,561
US,Jun-17,466
US,Jul-17,294
US,Aug-17,335
US,Sep-17,316
US,Oct-17,593
US,Nov-17,610
US,Dec-17,552
US,Jan-18,695
US,Feb-18,534
US,Mar-18,621
US,Apr-18,562
US,May-18,443
US,Jun-18,314
US,Jul-18,290
US,Aug-18,373
US,Sep-18,367
US,Oct-18,650
US,Nov-18,602
US,Dec-18,634
US,Jan-19,661
US,Feb-19,599
US,Mar-19,517
US,Apr-19,499
US,May-19,463
US,Jun-19,307
US,Jul-19,290
US,Aug-19,306
US,Sep-19,500
US,Oct-19,584
US,Nov-19,518
US,Dec-19,595
US,Jan-20,601
US,Feb-20,509
US,Mar-20,549
US,Apr-20,532
US,May-20,440
US,Jun-20,337
US,Jul-20,288
US,Aug-20,286
US,Sep-20,398
US,Oct-20,512
US,Nov-20,600
US,Dec-20,584
US,Jan-21,464
US,Feb-21,447
US,Mar-21,462
US,Apr-21,470
US,May-21,470
US,Jun-21,392
US,Jul-21,283
US,Aug-21,287
US,Sep-21,314
US,Oct-21,400
US,Nov-21,470
US,Dec-21,494
US,Jan-22,535
US,Feb-22,487
US,Mar-22,549
US,Apr-22,539
US,May-22,436
US,Jun-22,329
US,Jul-22,360
US,Aug-22,272
US,Sep-22,305
US,Oct-22,410
US,Nov-22,502
US,Dec-22,449
US,Jan-23,363
US,Feb-23,432
US,Mar-23,425
US,Apr-23,449
US,May-23,299
US,Jun-23,281
US,Jul-23,189
US,Aug-23,297
US,Sep-23,249
US,Oct-23,412
US,Nov-23,463
US,Dec-23,461
ZA,Jan-12,0
ZA,Feb-12,1
ZA,Mar-12,0
ZA,Apr-12,2
ZA,May-12,2
ZA,Jun-12,3
ZA,Jul-12,0
ZA,Aug-12,2
ZA,Sep-12,0
ZA,Oct-12,5
ZA,Nov-12,0
ZA,Dec-12,0
ZA,Jan-13,0
ZA,Feb-13,0
ZA,Mar-13,0
ZA,Apr-13,4
ZA,May-13,3
ZA,Jun-13,2
ZA,Jul-13,5
ZA,Aug-13,3
ZA,Sep-13,10
ZA,Oct-13,8
ZA,Nov-13,2
ZA,Dec-13,2
ZA,Jan-14,0
ZA,Feb-14,0
ZA,Mar-14,1
ZA,Apr-14,7
ZA,May-14,3
ZA,Jun-14,7
ZA,Jul-14,6
ZA,Aug-14,8
ZA,Sep-14,16
ZA,Oct-14,13
ZA,Nov-14,6
ZA,Dec-14,2
ZA,Jan-15,2
ZA,Feb-15,4
ZA,Mar-15,7
ZA,Apr-15,3
ZA,May-15,2
ZA,Jun-15,3
ZA,Jul-15,6
ZA,Aug-15,9
ZA,Sep-15,19
ZA,Oct-15,10
ZA,Nov-15,4
ZA,Dec-15,0
ZA,Jan-16,0
ZA,Feb-16,0
ZA,Mar-16,0
ZA,Apr-16,2
ZA,May-16,5
ZA,Jun-16,2
ZA,Jul-16,1
ZA,Aug-16,20
ZA,Sep-16,13
ZA,Oct-16,8
ZA,Nov-16,4
ZA,Dec-16,1
ZA,Jan-17,0
ZA,Feb-17,2
ZA,Mar-17,3
ZA,Apr-17,2
ZA,May-17,0
ZA,Jun-17,0
ZA,Jul-17,1
ZA,Aug-17,3
ZA,Sep-17,2
ZA,Oct-17,1
ZA,Nov-17,1
ZA,Dec-17,1
ZA,Jan-18,1
ZA,Feb-18,0
ZA,Mar-18,0
ZA,Apr-18,2
ZA,May-18,0
ZA,Jun-18,2
ZA,Jul-18,12
ZA,Aug-18,3
ZA,Sep-18,3
ZA,Oct-18,9
ZA,Nov-18,10
ZA,Dec-18,2
ZA,Jan-19,0
ZA,Feb-19,0
ZA,Mar-19,2
ZA,Apr-19,2
ZA,May-19,1
ZA,Jun-19,1
ZA,Jul-19,1
ZA,Aug-19,6
ZA,Sep-19,4
ZA,Oct-19,4
ZA,Nov-19,3
ZA,Dec-19,0
ZA,Jan-20,0
ZA,Feb-20,1
ZA,Mar-20,1
ZA,Apr-20,3
ZA,May-20,3
ZA,Jun-20,0
ZA,Jul-20,5
ZA,Aug-20,5
ZA,Sep-20,6
ZA,Oct-20,5
ZA,Nov-20,0
ZA,Dec-20,0
ZA,Jan-21,0
ZA,Feb-21,1
ZA,Mar-21,0
ZA,Apr-21,2
ZA,May-21,2
ZA,Jun-21,2
ZA,Jul-21,5
ZA,Aug-21,2
ZA,Sep-21,7
ZA,Oct-21,8
ZA,Nov-21,6
ZA,Dec-21,2
ZA,Jan-22,2
ZA,Feb-22,1
ZA,Mar-22,1
ZA,Apr-22,5
ZA,May-22,5
ZA,Jun-22,8
ZA,Jul-22,9
ZA,Aug-22,4
ZA,Sep-22,13
ZA,Oct-22,8
ZA,Nov-22,2
ZA,Dec-22,2
ZA,Jan-23,1
ZA,Feb-23,0
ZA,Mar-23,3
ZA,Apr-23,4
ZA,May-23,1
ZA,Jun-23,0
ZA,Jul-23,6
ZA,Aug-23,6
ZA,Sep-23,5
ZA,Oct-23,8
ZA,Nov-23,7
ZA,Dec-23,1