Country,Month,snow
AR,Jan-12,0
AR,Feb-12,0
AR,Mar-12,0
AR,Apr-12,1
AR,May-12,3
AR,Jun-12,14
AR,Jul-12,17
AR,Aug-12,5
AR,Sep-12,1
AR,Oct-12,2
AR,Nov-12,0
AR,Dec-12,0
AR,Jan-13,0
AR,Feb-13,0
AR,Mar-13,0
AR,Apr-13,0
AR,May-13,28
AR,Jun-13,22
AR,Jul-13,19
AR,Aug-13,26
AR,Sep-13,22
AR,Oct-13,19
AR,Nov-13,15
AR,Dec-13,12
AR,Jan-14,5
AR,Feb-14,12
AR,Mar-14,28
AR,Apr-14,30
AR,May-14,28
AR,Jun-14,43
AR,Jul-14,49
AR,Aug-14,35
AR,Sep-14,22
AR,Oct-14,32
AR,Nov-14,30
AR,Dec-14,31
AR,Jan-15,31
AR,Feb-15,4
AR,Mar-15,5
AR,Apr-15,23
AR,May-15,31
AR,Jun-15,37
AR,Jul-15,46
AR,Aug-15,28
AR,Sep-15,29
AR,Oct-15,35
AR,Nov-15,24
AR,Dec-15,29
AR,Jan-16,28
AR,Feb-16,15
AR,Mar-16,15
AR,Apr-16,16
AR,May-16,21
AR,Jun-16,22
AR,Jul-16,28
AR,Aug-16,29
AR,Sep-16,20
AR,Oct-16,26
AR,Nov-16,22
AR,Dec-16,23
AR,Jan-17,15
AR,Feb-17,1
AR,Mar-17,3
AR,Apr-17,10
AR,May-17,15
AR,Jun-17,41
AR,Jul-17,37
AR,Aug-17,21
AR,Sep-17,18
AR,Oct-17,22
AR,Nov-17,9
AR,Dec-17,11
AR,Jan-18,4
AR,Feb-18,2
AR,Mar-18,3
AR,Apr-18,12
AR,May-18,20
AR,Jun-18,49
AR,Jul-18,48
AR,Aug-18,34
AR,Sep-18,47
AR,Oct-18,65
AR,Nov-18,12
AR,Dec-18,3
AR,Jan-19,4
AR,Feb-19,5
AR,Mar-19,2
AR,Apr-19,55
AR,May-19,66
AR,Jun-19,75
AR,Jul-19,42
AR,Aug-19,41
AR,Sep-19,34
AR,Oct-19,86
AR,Nov-19,8
AR,Dec-19,8
AR,Jan-20,2
AR,Feb-20,4
AR,Mar-20,10
AR,Apr-20,65
AR,May-20,47
AR,Jun-20,83
AR,Jul-20,126
AR,Aug-20,55
AR,Sep-20,45
AR,Oct-20,64
AR,Nov-20,25
AR,Dec-20,25
AR,Jan-21,8
AR,Feb-21,0
AR,Mar-21,1
AR,Apr-21,25
AR,May-21,30
AR,Jun-21,32
AR,Jul-21,19
AR,Aug-21,43
AR,Sep-21,30
AR,Oct-21,41
AR,Nov-21,23
AR,Dec-21,3
AR,Jan-22,0
AR,Feb-22,1
AR,Mar-22,6
AR,Apr-22,47
AR,May-22,34
AR,Jun-22,7
AR,Jul-22,35
AR,Aug-22,8
AR,Sep-22,26
AR,Oct-22,26
AR,Nov-22,23
AR,Dec-22,27
AR,Jan-23,0
AR,Feb-23,1
AR,Mar-23,4
AR,Apr-23,16
AR,May-23,30
AR,Jun-23,29
AR,Jul-23,56
AR,Aug-23,31
AR,Sep-23,32
AR,Oct-23,40
AR,Nov-23,29
AR,Dec-23,30
AU,Jan-12,500
AU,Feb-12,750
AU,Mar-12,237
AU,Apr-12,122
AU,May-12,83
AU,Jun-12,42
AU,Jul-12,27
AU,Aug-12,13
AU,Sep-12,26
AU,Oct-12,117
AU,Nov-12,92
AU,Dec-12,570
AU,Jan-13,646
AU,Feb-13,374
AU,Mar-13,557
AU,Apr-13,115
AU,May-13,32
AU,Jun-13,27
AU,Jul-13,3
AU,Aug-13,0
AU,Sep-13,13
AU,Oct-13,21
AU,Nov-13,183
AU,Dec-13,327
AU,Jan-14,504
AU,Feb-14,511
AU,Mar-14,280
AU,Apr-14,97
AU,May-14,70
AU,Jun-14,20
AU,Jul-14,5
AU,Aug-14,24
AU,Sep-14,37
AU,Oct-14,59
AU,Nov-14,71
AU,Dec-14,255
AU,Jan-15,622
AU,Feb-15,826
AU,Mar-15,244
AU,Apr-15,159
AU,May-15,42
AU,Jun-15,10
AU,Jul-15,5
AU,Aug-15,13
AU,Sep-15,29
AU,Oct-15,69
AU,Nov-15,142
AU,Dec-15,142
AU,Jan-16,656
AU,Feb-16,531
AU,Mar-16,475
AU,Apr-16,171
AU,May-16,72
AU,Jun-16,22
AU,Jul-16,16
AU,Aug-16,27
AU,Sep-16,24
AU,Oct-16,74
AU,Nov-16,197
AU,Dec-16,237
AU,Jan-17,985
AU,Feb-17,627
AU,Mar-17,292
AU,Apr-17,207
AU,May-17,59
AU,Jun-17,17
AU,Jul-17,15
AU,Aug-17,7
AU,Sep-17,46
AU,Oct-17,72
AU,Nov-17,285
AU,Dec-17,381
AU,Jan-18,310
AU,Feb-18,376
AU,Mar-18,258
AU,Apr-18,70
AU,May-18,36
AU,Jun-18,20
AU,Jul-18,30
AU,Aug-18,24
AU,Sep-18,9
AU,Oct-18,31
AU,Nov-18,148
AU,Dec-18,425
AU,Jan-19,703
AU,Feb-19,534
AU,Mar-19,239
AU,Apr-19,133
AU,May-19,85
AU,Jun-19,24
AU,Jul-19,19
AU,Aug-19,14
AU,Sep-19,32
AU,Oct-19,42
AU,Nov-19,198
AU,Dec-19,323
AU,Jan-20,398
AU,Feb-20,366
AU,Mar-20,326
AU,Apr-20,115
AU,May-20,111
AU,Jun-20,62
AU,Jul-20,29
AU,Aug-20,15
AU,Sep-20,31
AU,Oct-20,148
AU,Nov-20,103
AU,Dec-20,870
AU,Jan-21,1314
AU,Feb-21,778
AU,Mar-21,685
AU,Apr-21,350
AU,May-21,188
AU,Jun-21,65
AU,Jul-21,27
AU,Aug-21,15
AU,Sep-21,7
AU,Oct-21,37
AU,Nov-21,282
AU,Dec-21,1034
AU,Jan-22,882
AU,Feb-22,721
AU,Mar-22,473
AU,Apr-22,291
AU,May-22,110
AU,Jun-22,18
AU,Jul-22,13
AU,Aug-22,0
AU,Sep-22,48
AU,Oct-22,86
AU,Nov-22,282
AU,Dec-22,877
AU,Jan-23,836
AU,Feb-23,945
AU,Mar-23,374
AU,Apr-23,284
AU,May-23,228
AU,Jun-23,82
AU,Jul-23,44
AU,Aug-23,26
AU,Sep-23,7
AU,Oct-23,71
AU,Nov-23,401
AU,Dec-23,1033
BR,Jan-12,0
BR,Feb-12,0
BR,Mar-12,0
BR,Apr-12,0
BR,May-12,0
BR,Jun-12,0
BR,Jul-12,0
BR,Aug-12,0
BR,Sep-12,0
BR,Oct-12,0
BR,Nov-12,0
BR,Dec-12,0
BR,Jan-13,0
BR,Feb-13,0
BR,Mar-13,0
BR,Apr-13,0
BR,May-13,0
BR,Jun-13,0
BR,Jul-13,0
BR,Aug-13,0
BR,Sep-13,0
BR,Oct-13,0
BR,Nov-13,0
BR,Dec-13,0
BR,Jan-14,0
BR,Feb-14,0
BR,Mar-14,0
BR,Apr-14,0
BR,May-14,0
BR,Jun-14,0
BR,Jul-14,0
BR,Aug-14,0
BR,Sep-14,0
BR,Oct-14,0
BR,Nov-14,0
BR,Dec-14,0
BR,Jan-15,0
BR,Feb-15,0
BR,Mar-15,0
BR,Apr-15,0
BR,May-15,0
BR,Jun-15,0
BR,Jul-15,0
BR,Aug-15,0
BR,Sep-15,0
BR,Oct-15,0
BR,Nov-15,0
BR,Dec-15,0
BR,Jan-16,0
BR,Feb-16,0
BR,Mar-16,0
BR,Apr-16,0
BR,May-16,0
BR,Jun-16,0
BR,Jul-16,0
BR,Aug-16,0
BR,Sep-16,0
BR,Oct-16,0
BR,Nov-16,0
BR,Dec-16,0
BR,Jan-17,0
BR,Feb-17,0
BR,Mar-17,0
BR,Apr-17,0
BR,May-17,0
BR,Jun-17,0
BR,Jul-17,0
BR,Aug-17,0
BR,Sep-17,0
BR,Oct-17,0
BR,Nov-17,0
BR,Dec-17,0
BR,Jan-18,0
BR,Feb-18,0
BR,Mar-18,0
BR,Apr-18,0
BR,May-18,0
BR,Jun-18,0
BR,Jul-18,0
BR,Aug-18,0
BR,Sep-18,0
BR,Oct-18,0
BR,Nov-18,0
BR,Dec-18,0
BR,Jan-19,0
BR,Feb-19,0
BR,Mar-19,0
BR,Apr-19,0
BR,May-19,0
BR,Jun-19,0
BR,Jul-19,0
BR,Aug-19,0
BR,Sep-19,0
BR,Oct-19,0
BR,Nov-19,0
BR,Dec-19,0
BR,Jan-20,0
BR,Feb-20,0
BR,Mar-20,0
BR,Apr-20,0
BR,May-20,0
BR,Jun-20,0
BR,Jul-20,0
BR,Aug-20,0
BR,Sep-20,0
BR,Oct-20,0
BR,Nov-20,0
BR,Dec-20,0
BR,Jan-21,0
BR,Feb-21,0
BR,Mar-21,0
BR,Apr-21,0
BR,May-21,0
BR,Jun-21,0
BR,Jul-21,0
BR,Aug-21,0
BR,Sep-21,0
BR,Oct-21,0
BR,Nov-21,0
BR,Dec-21,0
BR,Jan-22,0
BR,Feb-22,0
BR,Mar-22,0
BR,Apr-22,0
BR,May-22,0
BR,Jun-22,0
BR,Jul-22,0
BR,Aug-22,0
BR,Sep-22,0
BR,Oct-22,0
BR,Nov-22,0
BR,Dec-22,0
BR,Jan-23,0
BR,Feb-23,0
BR,Mar-23,0
BR,Apr-23,0
BR,May-23,0
BR,Jun-23,0
BR,Jul-23,0
BR,Aug-23,0
BR,Sep-23,0
BR,Oct-23,0
BR,Nov-23,0
BR,Dec-23,0
CA,Jan-12,7532
CA,Feb-12,7375
CA,Mar-12,6217
CA,Apr-12,3363
CA,May-12,1714
CA,Jun-12,610
CA,Jul-12,156
CA,Aug-12,221
CA,Sep-12,628
CA,Oct-12,1851
CA,Nov-12,4721
CA,Dec-12,7875
CA,Jan-13,9517
CA,Feb-13,8514
CA,Mar-13,8696
CA,Apr-13,5984
CA,May-13,2346
CA,Jun-13,723
CA,Jul-13,326
CA,Aug-13,397
CA,Sep-13,915
CA,Oct-13,1824
CA,Nov-13,5469
CA,Dec-13,9921
CA,Jan-14,10698
CA,Feb-14,9782
CA,Mar-14,10554
CA,Apr-14,7315
CA,May-14,790
CA,Jun-14,197
CA,Jul-14,24
CA,Aug-14,50
CA,Sep-14,150
CA,Oct-14,1094
CA,Nov-14,7436
CA,Dec-14,9649
CA,Jan-15,10508
CA,Feb-15,8846
CA,Mar-15,9121
CA,Apr-15,7035
CA,May-15,939
CA,Jun-15,392
CA,Jul-15,5
CA,Aug-15,8
CA,Sep-15,349
CA,Oct-15,2497
CA,Nov-15,8011
CA,Dec-15,9249
CA,Jan-16,10929
CA,Feb-16,9648
CA,Mar-16,10011
CA,Apr-16,8310
CA,May-16,1651
CA,Jun-16,466
CA,Jul-16,54
CA,Aug-16,135
CA,Sep-16,693
CA,Oct-16,4246
CA,Nov-16,8410
CA,Dec-16,11462
CA,Jan-17,11467
CA,Feb-17,10350
CA,Mar-17,10563
CA,Apr-17,7978
CA,May-17,1555
CA,Jun-17,320
CA,Jul-17,26
CA,Aug-17,17
CA,Sep-17,217
CA,Oct-17,4083
CA,Nov-17,8470
CA,Dec-17,9804
CA,Jan-18,10544
CA,Feb-18,9554
CA,Mar-18,10794
CA,Apr-18,7553
CA,May-18,1179
CA,Jun-18,224
CA,Jul-18,18
CA,Aug-18,13
CA,Sep-18,597
CA,Oct-18,3656
CA,Nov-18,7818
CA,Dec-18,9774
CA,Jan-19,10054
CA,Feb-19,9710
CA,Mar-19,9706
CA,Apr-19,6242
CA,May-19,1674
CA,Jun-19,295
CA,Jul-19,127
CA,Aug-19,79
CA,Sep-19,569
CA,Oct-19,3281
CA,Nov-19,7104
CA,Dec-19,9348
CA,Jan-20,9709
CA,Feb-20,8897
CA,Mar-20,8208
CA,Apr-20,6483
CA,May-20,1810
CA,Jun-20,396
CA,Jul-20,39
CA,Aug-20,28
CA,Sep-20,483
CA,Oct-20,3192
CA,Nov-20,6551
CA,Dec-20,8420
CA,Jan-21,9439
CA,Feb-21,7114
CA,Mar-21,8190
CA,Apr-21,4458
CA,May-21,1530
CA,Jun-21,362
CA,Jul-21,60
CA,Aug-21,109
CA,Sep-21,719
CA,Oct-21,2909
CA,Nov-21,6026
CA,Dec-21,9708
CA,Jan-22,10318
CA,Feb-22,9321
CA,Mar-22,9507
CA,Apr-22,6414
CA,May-22,2295
CA,Jun-22,292
CA,Jul-22,73
CA,Aug-22,35
CA,Sep-22,424
CA,Oct-22,2793
CA,Nov-22,7779
CA,Dec-22,9730
CA,Jan-23,9862
CA,Feb-23,9501
CA,Mar-23,10407
CA,Apr-23,6578
CA,May-23,1506
CA,Jun-23,455
CA,Jul-23,115
CA,Aug-23,109
CA,Sep-23,517
CA,Oct-23,3087
CA,Nov-23,6241
CA,Dec-23,8046
CH,Jan-12,0
CH,Feb-12,0
CH,Mar-12,0
CH,Apr-12,0
CH,May-12,0
CH,Jun-12,0
CH,Jul-12,0
CH,Aug-12,0
CH,Sep-12,0
CH,Oct-12,0
CH,Nov-12,0
CH,Dec-12,0
CH,Jan-13,0
CH,Feb-13,0
CH,Mar-13,0
CH,Apr-13,0
CH,May-13,5
CH,Jun-13,0
CH,Jul-13,0
CH,Aug-13,0
CH,Sep-13,2
CH,Oct-13,9
CH,Nov-13,25
CH,Dec-13,5
CH,Jan-14,2
CH,Feb-14,6
CH,Mar-14,2
CH,Apr-14,1
CH,May-14,1
CH,Jun-14,0
CH,Jul-14,0
CH,Aug-14,0
CH,Sep-14,0
CH,Oct-14,0
CH,Nov-14,2
CH,Dec-14,3
CH,Jan-15,5
CH,Feb-15,2
CH,Mar-15,6
CH,Apr-15,17
CH,May-15,4
CH,Jun-15,1
CH,Jul-15,0
CH,Aug-15,0
CH,Sep-15,0
CH,Oct-15,5
CH,Nov-15,44
CH,Dec-15,46
CH,Jan-16,61
CH,Feb-16,53
CH,Mar-16,34
CH,Apr-16,20
CH,May-16,4
CH,Jun-16,0
CH,Jul-16,0
CH,Aug-16,0
CH,Sep-16,3
CH,Oct-16,19
CH,Nov-16,66
CH,Dec-16,58
CH,Jan-17,46
CH,Feb-17,60
CH,Mar-17,40
CH,Apr-17,7
CH,May-17,8
CH,Jun-17,0
CH,Jul-17,0
CH,Aug-17,0
CH,Sep-17,0
CH,Oct-17,24
CH,Nov-17,65
CH,Dec-17,75
CH,Jan-18,251
CH,Feb-18,67
CH,Mar-18,69
CH,Apr-18,25
CH,May-18,10
CH,Jun-18,6
CH,Jul-18,0
CH,Aug-18,0
CH,Sep-18,4
CH,Oct-18,24
CH,Nov-18,93
CH,Dec-18,130
CH,Jan-19,134
CH,Feb-19,179
CH,Mar-19,89
CH,Apr-19,53
CH,May-19,26
CH,Jun-19,14
CH,Jul-19,9
CH,Aug-19,8
CH,Sep-19,3
CH,Oct-19,20
CH,Nov-19,51
CH,Dec-19,1104
CH,Jan-20,1716
CH,Feb-20,1102
CH,Mar-20,636
CH,Apr-20,391
CH,May-20,191
CH,Jun-20,218
CH,Jul-20,204
CH,Aug-20,196
CH,Sep-20,136
CH,Oct-20,174
CH,Nov-20,404
CH,Dec-20,548
CH,Jan-21,562
CH,Feb-21,690
CH,Mar-21,697
CH,Apr-21,462
CH,May-21,245
CH,Jun-21,199
CH,Jul-21,212
CH,Aug-21,202
CH,Sep-21,218
CH,Oct-21,483
CH,Nov-21,368
CH,Dec-21,176
CH,Jan-22,313
CH,Feb-22,447
CH,Mar-22,594
CH,Apr-22,347
CH,May-22,170
CH,Jun-22,20
CH,Jul-22,8
CH,Aug-22,0
CH,Sep-22,35
CH,Oct-22,180
CH,Nov-22,747
CH,Dec-22,1639
CH,Jan-23,1540
CH,Feb-23,1262
CH,Mar-23,612
CH,Apr-23,190
CH,May-23,124
CH,Jun-23,47
CH,Jul-23,18
CH,Aug-23,18
CH,Sep-23,18
CH,Oct-23,90
CH,Nov-23,888
CH,Dec-23,1510
FR,Jan-12,72
FR,Feb-12,449
FR,Mar-12,5
FR,Apr-12,0
FR,May-12,0
FR,Jun-12,0
FR,Jul-12,1
FR,Aug-12,1
FR,Sep-12,0
FR,Oct-12,4
FR,Nov-12,18
FR,Dec-12,107
FR,Jan-13,258
FR,Feb-13,176
FR,Mar-13,67
FR,Apr-13,16
FR,May-13,8
FR,Jun-13,3
FR,Jul-13,5
FR,Aug-13,16
FR,Sep-13,9
FR,Oct-13,6
FR,Nov-13,61
FR,Dec-13,65
FR,Jan-14,39
FR,Feb-14,41
FR,Mar-14,20
FR,Apr-14,0
FR,May-14,10
FR,Jun-14,7
FR,Jul-14,22
FR,Aug-14,6
FR,Sep-14,20
FR,Oct-14,59
FR,Nov-14,78
FR,Dec-14,164
FR,Jan-15,179
FR,Feb-15,231
FR,Mar-15,42
FR,Apr-15,15
FR,May-15,17
FR,Jun-15,19
FR,Jul-15,19
FR,Aug-15,1
FR,Sep-15,29
FR,Oct-15,34
FR,Nov-15,54
FR,Dec-15,26
FR,Jan-16,124
FR,Feb-16,44
FR,Mar-16,45
FR,Apr-16,14
FR,May-16,12
FR,Jun-16,14
FR,Jul-16,4
FR,Aug-16,22
FR,Sep-16,7
FR,Oct-16,20
FR,Nov-16,36
FR,Dec-16,29
FR,Jan-17,220
FR,Feb-17,50
FR,Mar-17,25
FR,Apr-17,10
FR,May-17,3
FR,Jun-17,4
FR,Jul-17,10
FR,Aug-17,6
FR,Sep-17,8
FR,Oct-17,10
FR,Nov-17,41
FR,Dec-17,202
FR,Jan-18,106
FR,Feb-18,225
FR,Mar-18,84
FR,Apr-18,5
FR,May-18,4
FR,Jun-18,10
FR,Jul-18,0
FR,Aug-18,2
FR,Sep-18,1
FR,Oct-18,46
FR,Nov-18,33
FR,Dec-18,34
FR,Jan-19,243
FR,Feb-19,72
FR,Mar-19,15
FR,Apr-19,7
FR,May-19,6
FR,Jun-19,5
FR,Jul-19,13
FR,Aug-19,8
FR,Sep-19,5
FR,Oct-19,12
FR,Nov-19,49
FR,Dec-19,21
FR,Jan-20,6
FR,Feb-20,17
FR,Mar-20,8
FR,Apr-20,1
FR,May-20,5
FR,Jun-20,3
FR,Jul-20,4
FR,Aug-20,16
FR,Sep-20,15
FR,Oct-20,16
FR,Nov-20,10
FR,Dec-20,65
FR,Jan-21,227
FR,Feb-21,82
FR,Mar-21,8
FR,Apr-21,13
FR,May-21,13
FR,Jun-21,13
FR,Jul-21,5
FR,Aug-21,5
FR,Sep-21,4
FR,Oct-21,8
FR,Nov-21,40
FR,Dec-21,78
FR,Jan-22,32
FR,Feb-22,14
FR,Mar-22,19
FR,Apr-22,51
FR,May-22,4
FR,Jun-22,8
FR,Jul-22,2
FR,Aug-22,0
FR,Sep-22,4
FR,Oct-22,24
FR,Nov-22,19
FR,Dec-22,75
FR,Jan-23,163
FR,Feb-23,30
FR,Mar-23,17
FR,Apr-23,19
FR,May-23,23
FR,Jun-23,18
FR,Jul-23,22
FR,Aug-23,20
FR,Sep-23,27
FR,Oct-23,23
FR,Nov-23,47
FR,Dec-23,58
GM,Jan-12,8
GM,Feb-12,53
GM,Mar-12,18
GM,Apr-12,0
GM,May-12,0
GM,Jun-12,0
GM,Jul-12,0
GM,Aug-12,0
GM,Sep-12,0
GM,Oct-12,5
GM,Nov-12,4
GM,Dec-12,48
GM,Jan-13,60
GM,Feb-13,51
GM,Mar-13,23
GM,Apr-13,1
GM,May-13,0
GM,Jun-13,0
GM,Jul-13,0
GM,Aug-13,0
GM,Sep-13,0
GM,Oct-13,0
GM,Nov-13,0
GM,Dec-13,0
GM,Jan-14,2
GM,Feb-14,2
GM,Mar-14,0
GM,Apr-14,0
GM,May-14,0
GM,Jun-14,0
GM,Jul-14,0
GM,Aug-14,0
GM,Sep-14,0
GM,Oct-14,0
GM,Nov-14,0
GM,Dec-14,9
GM,Jan-15,5
GM,Feb-15,0
GM,Mar-15,0
GM,Apr-15,0
GM,May-15,0
GM,Jun-15,0
GM,Jul-15,0
GM,Aug-15,0
GM,Sep-15,0
GM,Oct-15,0
GM,Nov-15,1
GM,Dec-15,0
GM,Jan-16,2
GM,Feb-16,1
GM,Mar-16,0
GM,Apr-16,0
GM,May-16,0
GM,Jun-16,0
GM,Jul-16,0
GM,Aug-16,0
GM,Sep-16,0
GM,Oct-16,0
GM,Nov-16,0
GM,Dec-16,0
GM,Jan-17,4
GM,Feb-17,1
GM,Mar-17,0
GM,Apr-17,0
GM,May-17,0
GM,Jun-17,0
GM,Jul-17,0
GM,Aug-17,0
GM,Sep-17,0
GM,Oct-17,0
GM,Nov-17,0
GM,Dec-17,17
GM,Jan-18,6
GM,Feb-18,6
GM,Mar-18,4
GM,Apr-18,0
GM,May-18,0
GM,Jun-18,0
GM,Jul-18,0
GM,Aug-18,0
GM,Sep-18,0
GM,Oct-18,0
GM,Nov-18,0
GM,Dec-18,2
GM,Jan-19,3
GM,Feb-19,2
GM,Mar-19,0
GM,Apr-19,0
GM,May-19,0
GM,Jun-19,0
GM,Jul-19,0
GM,Aug-19,0
GM,Sep-19,0
GM,Oct-19,0
GM,Nov-19,0
GM,Dec-19,1
GM,Jan-20,0
GM,Feb-20,3
GM,Mar-20,0
GM,Apr-20,0
GM,May-20,0
GM,Jun-20,0
GM,Jul-20,0
GM,Aug-20,0
GM,Sep-20,0
GM,Oct-20,0
GM,Nov-20,0
GM,Dec-20,2
GM,Jan-21,10
GM,Feb-21,5
GM,Mar-21,0
GM,Apr-21,0
GM,May-21,0
GM,Jun-21,0
GM,Jul-21,0
GM,Aug-21,0
GM,Sep-21,0
GM,Oct-21,0
GM,Nov-21,1
GM,Dec-21,2
GM,Jan-22,2
GM,Feb-22,0
GM,Mar-22,0
GM,Apr-22,30
GM,May-22,0
GM,Jun-22,0
GM,Jul-22,5
GM,Aug-22,4
GM,Sep-22,29
GM,Oct-22,9
GM,Nov-22,0
GM,Dec-22,3
GM,Jan-23,5
GM,Feb-23,1
GM,Mar-23,2
GM,Apr-23,0
GM,May-23,0
GM,Jun-23,0
GM,Jul-23,0
GM,Aug-23,0
GM,Sep-23,0
GM,Oct-23,0
GM,Nov-23,3
GM,Dec-23,5
ID,Jan-12,0
ID,Feb-12,0
ID,Mar-12,0
ID,Apr-12,0
ID,May-12,0
ID,Jun-12,0
ID,Jul-12,0
ID,Aug-12,0
ID,Sep-12,0
ID,Oct-12,0
ID,Nov-12,0
ID,Dec-12,0
ID,Jan-13,0
ID,Feb-13,0
ID,Mar-13,0
ID,Apr-13,0
ID,May-13,0
ID,Jun-13,0
ID,Jul-13,0
ID,Aug-13,0
ID,Sep-13,0
ID,Oct-13,0
ID,Nov-13,0
ID,Dec-13,0
ID,Jan-14,0
ID,Feb-14,0
ID,Mar-14,0
ID,Apr-14,0
ID,May-14,0
ID,Jun-14,0
ID,Jul-14,0
ID,Aug-14,0
ID,Sep-14,0
ID,Oct-14,0
ID,Nov-14,0
ID,Dec-14,0
ID,Jan-15,0
ID,Feb-15,0
ID,Mar-15,0
ID,Apr-15,0
ID,May-15,0
ID,Jun-15,0
ID,Jul-15,1
ID,Aug-15,0
ID,Sep-15,0
ID,Oct-15,0
ID,Nov-15,0
ID,Dec-15,0
ID,Jan-16,0
ID,Feb-16,0
ID,Mar-16,0
ID,Apr-16,0
ID,May-16,0
ID,Jun-16,0
ID,Jul-16,0
ID,Aug-16,0
ID,Sep-16,0
ID,Oct-16,0
ID,Nov-16,0
ID,Dec-16,0
ID,Jan-17,0
ID,Feb-17,0
ID,Mar-17,0
ID,Apr-17,0
ID,May-17,0
ID,Jun-17,0
ID,Jul-17,0
ID,Aug-17,0
ID,Sep-17,0
ID,Oct-17,0
ID,Nov-17,0
ID,Dec-17,0
ID,Jan-18,0
ID,Feb-18,0
ID,Mar-18,0
ID,Apr-18,0
ID,May-18,0
ID,Jun-18,0
ID,Jul-18,0
ID,Aug-18,0
ID,Sep-18,0
ID,Oct-18,0
ID,Nov-18,0
ID,Dec-18,0
ID,Jan-19,0
ID,Feb-19,0
ID,Mar-19,0
ID,Apr-19,0
ID,May-19,0
ID,Jun-19,0
ID,Jul-19,0
ID,Aug-19,0
ID,Sep-19,0
ID,Oct-19,0
ID,Nov-19,0
ID,Dec-19,0
ID,Jan-20,0
ID,Feb-20,0
ID,Mar-20,0
ID,Apr-20,0
ID,May-20,0
ID,Jun-20,0
ID,Jul-20,0
ID,Aug-20,0
ID,Sep-20,0
ID,Oct-20,0
ID,Nov-20,0
ID,Dec-20,0
ID,Jan-21,0
ID,Feb-21,0
ID,Mar-21,0
ID,Apr-21,0
ID,May-21,0
ID,Jun-21,0
ID,Jul-21,0
ID,Aug-21,0
ID,Sep-21,0
ID,Oct-21,0
ID,Nov-21,0
ID,Dec-21,0
ID,Jan-22,0
ID,Feb-22,0
ID,Mar-22,0
ID,Apr-22,0
ID,May-22,0
ID,Jun-22,0
ID,Jul-22,0
ID,Aug-22,0
ID,Sep-22,0
ID,Oct-22,0
ID,Nov-22,0
ID,Dec-22,0
ID,Jan-23,0
ID,Feb-23,0
ID,Mar-23,0
ID,Apr-23,0
ID,May-23,0
ID,Jun-23,0
ID,Jul-23,0
ID,Aug-23,0
ID,Sep-23,0
ID,Oct-23,0
ID,Nov-23,0
ID,Dec-23,0
IN,Jan-12,0
IN,Feb-12,1
IN,Mar-12,0
IN,Apr-12,0
IN,May-12,0
IN,Jun-12,0
IN,Jul-12,0
IN,Aug-12,0
IN,Sep-12,0
IN,Oct-12,0
IN,Nov-12,0
IN,Dec-12,1
IN,Jan-13,0
IN,Feb-13,0
IN,Mar-13,0
IN,Apr-13,0
IN,May-13,0
IN,Jun-13,0
IN,Jul-13,0
IN,Aug-13,0
IN,Sep-13,0
IN,Oct-13,0
IN,Nov-13,0
IN,Dec-13,0
IN,Jan-14,1
IN,Feb-14,1
IN,Mar-14,0
IN,Apr-14,0
IN,May-14,0
IN,Jun-14,0
IN,Jul-14,0
IN,Aug-14,0
IN,Sep-14,0
IN,Oct-14,0
IN,Nov-14,0
IN,Dec-14,0
IN,Jan-15,0
IN,Feb-15,0
IN,Mar-15,0
IN,Apr-15,0
IN,May-15,0
IN,Jun-15,0
IN,Jul-15,0
IN,Aug-15,0
IN,Sep-15,0
IN,Oct-15,0
IN,Nov-15,0
IN,Dec-15,0
IN,Jan-16,1
IN,Feb-16,0
IN,Mar-16,0
IN,Apr-16,0
IN,May-16,0
IN,Jun-16,0
IN,Jul-16,0
IN,Aug-16,0
IN,Sep-16,0
IN,Oct-16,0
IN,Nov-16,0
IN,Dec-16,0
IN,Jan-17,0
IN,Feb-17,0
IN,Mar-17,0
IN,Apr-17,0
IN,May-17,0
IN,Jun-17,0
IN,Jul-17,0
IN,Aug-17,0
IN,Sep-17,0
IN,Oct-17,0
IN,Nov-17,0
IN,Dec-17,0
IN,Jan-18,0
IN,Feb-18,1
IN,Mar-18,0
IN,Apr-18,1
IN,May-18,0
IN,Jun-18,0
IN,Jul-18,0
IN,Aug-18,0
IN,Sep-18,0
IN,Oct-18,0
IN,Nov-18,0
IN,Dec-18,0
IN,Jan-19,0
IN,Feb-19,0
IN,Mar-19,0
IN,Apr-19,0
IN,May-19,0
IN,Jun-19,1
IN,Jul-19,0
IN,Aug-19,0
IN,Sep-19,0
IN,Oct-19,0
IN,Nov-19,0
IN,Dec-19,0
IN,Jan-20,0
IN,Feb-20,0
IN,Mar-20,0
IN,Apr-20,0
IN,May-20,0
IN,Jun-20,0
IN,Jul-20,0
IN,Aug-20,0
IN,Sep-20,0
IN,Oct-20,0
IN,Nov-20,0
IN,Dec-20,1
IN,Jan-21,0
IN,Feb-21,0
IN,Mar-21,0
IN,Apr-21,0
IN,May-21,0
IN,Jun-21,0
IN,Jul-21,0
IN,Aug-21,0
IN,Sep-21,0
IN,Oct-21,0
IN,Nov-21,0
IN,Dec-21,0
IN,Jan-22,0
IN,Feb-22,0
IN,Mar-22,0
IN,Apr-22,0
IN,May-22,0
IN,Jun-22,0
IN,Jul-22,0
IN,Aug-22,0
IN,Sep-22,0
IN,Oct-22,0
IN,Nov-22,0
IN,Dec-22,0
IN,Jan-23,0
IN,Feb-23,0
IN,Mar-23,0
IN,Apr-23,0
IN,May-23,0
IN,Jun-23,0
IN,Jul-23,0
IN,Aug-23,0
IN,Sep-23,0
IN,Oct-23,0
IN,Nov-23,0
IN,Dec-23,0
IT,Jan-12,237
IT,Feb-12,624
IT,Mar-12,149
IT,Apr-12,138
IT,May-12,22
IT,Jun-12,0
IT,Jul-12,0
IT,Aug-12,0
IT,Sep-12,0
IT,Oct-12,33
IT,Nov-12,53
IT,Dec-12,307
IT,Jan-13,328
IT,Feb-13,382
IT,Mar-13,278
IT,Apr-13,144
IT,May-13,55
IT,Jun-13,9
IT,Jul-13,0
IT,Aug-13,0
IT,Sep-13,1
IT,Oct-13,17
IT,Nov-13,151
IT,Dec-13,244
IT,Jan-14,302
IT,Feb-14,246
IT,Mar-14,246
IT,Apr-14,146
IT,May-14,94
IT,Jun-14,27
IT,Jul-14,0
IT,Aug-14,0
IT,Sep-14,1
IT,Oct-14,13
IT,Nov-14,47
IT,Dec-14,174
IT,Jan-15,292
IT,Feb-15,346
IT,Mar-15,194
IT,Apr-15,143
IT,May-15,64
IT,Jun-15,14
IT,Jul-15,1
IT,Aug-15,0
IT,Sep-15,6
IT,Oct-15,29
IT,Nov-15,40
IT,Dec-15,54
IT,Jan-16,264
IT,Feb-16,232
IT,Mar-16,259
IT,Apr-16,107
IT,May-16,68
IT,Jun-16,2
IT,Jul-16,0
IT,Aug-16,0
IT,Sep-16,1
IT,Oct-16,17
IT,Nov-16,104
IT,Dec-16,70
IT,Jan-17,370
IT,Feb-17,238
IT,Mar-17,164
IT,Apr-17,99
IT,May-17,44
IT,Jun-17,1
IT,Jul-17,1
IT,Aug-17,0
IT,Sep-17,26
IT,Oct-17,36
IT,Nov-17,182
IT,Dec-17,340
IT,Jan-18,248
IT,Feb-18,343
IT,Mar-18,328
IT,Apr-18,135
IT,May-18,56
IT,Jun-18,0
IT,Jul-18,0
IT,Aug-18,3
IT,Sep-18,0
IT,Oct-18,14
IT,Nov-18,88
IT,Dec-18,218
IT,Jan-19,374
IT,Feb-19,302
IT,Mar-19,186
IT,Apr-19,121
IT,May-19,110
IT,Jun-19,6
IT,Jul-19,0
IT,Aug-19,2
IT,Sep-19,1
IT,Oct-19,3
IT,Nov-19,127
IT,Dec-19,199
IT,Jan-20,165
IT,Feb-20,159
IT,Mar-20,183
IT,Apr-20,79
IT,May-20,13
IT,Jun-20,1
IT,Jul-20,1
IT,Aug-20,0
IT,Sep-20,4
IT,Oct-20,57
IT,Nov-20,24
IT,Dec-20,311
IT,Jan-21,382
IT,Feb-21,245
IT,Mar-21,247
IT,Apr-21,191
IT,May-21,59
IT,Jun-21,1
IT,Jul-21,0
IT,Aug-21,2
IT,Sep-21,0
IT,Oct-21,37
IT,Nov-21,146
IT,Dec-21,259
IT,Jan-22,232
IT,Feb-22,195
IT,Mar-22,198
IT,Apr-22,100
IT,May-22,9
IT,Jun-22,0
IT,Jul-22,0
IT,Aug-22,1
IT,Sep-22,3
IT,Oct-22,3
IT,Nov-22,60
IT,Dec-22,159
IT,Jan-23,189
IT,Feb-23,198
IT,Mar-23,124
IT,Apr-23,100
IT,May-23,40
IT,Jun-23,1
IT,Jul-23,0
IT,Aug-23,0
IT,Sep-23,1
IT,Oct-23,10
IT,Nov-23,98
IT,Dec-23,150
JA,Jan-12,1
JA,Feb-12,2
JA,Mar-12,0
JA,Apr-12,0
JA,May-12,0
JA,Jun-12,0
JA,Jul-12,0
JA,Aug-12,0
JA,Sep-12,0
JA,Oct-12,0
JA,Nov-12,0
JA,Dec-12,0
JA,Jan-13,6
JA,Feb-13,3
JA,Mar-13,0
JA,Apr-13,0
JA,May-13,0
JA,Jun-13,0
JA,Jul-13,0
JA,Aug-13,0
JA,Sep-13,0
JA,Oct-13,0
JA,Nov-13,44
JA,Dec-13,238
JA,Jan-14,398
JA,Feb-14,573
JA,Mar-14,304
JA,Apr-14,36
JA,May-14,0
JA,Jun-14,0
JA,Jul-14,0
JA,Aug-14,0
JA,Sep-14,0
JA,Oct-14,0
JA,Nov-14,21
JA,Dec-14,413
JA,Jan-15,467
JA,Feb-15,384
JA,Mar-15,224
JA,Apr-15,1
JA,May-15,0
JA,Jun-15,0
JA,Jul-15,0
JA,Aug-15,0
JA,Sep-15,0
JA,Oct-15,1
JA,Nov-15,54
JA,Dec-15,210
JA,Jan-16,493
JA,Feb-16,397
JA,Mar-16,216
JA,Apr-16,10
JA,May-16,0
JA,Jun-16,0
JA,Jul-16,0
JA,Aug-16,0
JA,Sep-16,0
JA,Oct-16,5
JA,Nov-16,126
JA,Dec-16,285
JA,Jan-17,528
JA,Feb-17,450
JA,Mar-17,258
JA,Apr-17,25
JA,May-17,0
JA,Jun-17,0
JA,Jul-17,0
JA,Aug-17,0
JA,Sep-17,0
JA,Oct-17,2
JA,Nov-17,104
JA,Dec-17,388
JA,Jan-18,591
JA,Feb-18,542
JA,Mar-18,253
JA,Apr-18,15
JA,May-18,0
JA,Jun-18,0
JA,Jul-18,0
JA,Aug-18,0
JA,Sep-18,0
JA,Oct-18,0
JA,Nov-18,41
JA,Dec-18,332
JA,Jan-19,434
JA,Feb-19,322
JA,Mar-19,177
JA,Apr-19,35
JA,May-19,0
JA,Jun-19,0
JA,Jul-19,0
JA,Aug-19,0
JA,Sep-19,0
JA,Oct-19,0
JA,Nov-19,66
JA,Dec-19,232
JA,Jan-20,318
JA,Feb-20,54
JA,Mar-20,29
JA,Apr-20,1
JA,May-20,0
JA,Jun-20,0
JA,Jul-20,0
JA,Aug-20,0
JA,Sep-20,0
JA,Oct-20,0
JA,Nov-20,7
JA,Dec-20,47
JA,Jan-21,142
JA,Feb-21,75
JA,Mar-21,36
JA,Apr-21,0
JA,May-21,0
JA,Jun-21,0
JA,Jul-21,0
JA,Aug-21,0
JA,Sep-21,0
JA,Oct-21,0
JA,Nov-21,2
JA,Dec-21,60
JA,Jan-22,118
JA,Feb-22,112
JA,Mar-22,51
JA,Apr-22,5
JA,May-22,0
JA,Jun-22,0
JA,Jul-22,0
JA,Aug-22,0
JA,Sep-22,0
JA,Oct-22,0
JA,Nov-22,3
JA,Dec-22,96
JA,Jan-23,119
JA,Feb-23,128
JA,Mar-23,32
JA,Apr-23,0
JA,May-23,0
JA,Jun-23,0
JA,Jul-23,0
JA,Aug-23,0
JA,Sep-23,0
JA,Oct-23,0
JA,Nov-23,9
JA,Dec-23,87
KR,Jan-12,0
KR,Feb-12,0
KR,Mar-12,0
KR,Apr-12,0
KR,May-12,0
KR,Jun-12,0
KR,Jul-12,0
KR,Aug-12,0
KR,Sep-12,0
KR,Oct-12,0
KR,Nov-12,0
KR,Dec-12,0
KR,Jan-13,0
KR,Feb-13,0
KR,Mar-13,0
KR,Apr-13,0
KR,May-13,0
KR,Jun-13,0
KR,Jul-13,0
KR,Aug-13,0
KR,Sep-13,0
KR,Oct-13,0
KR,Nov-13,0
KR,Dec-13,0
KR,Jan-14,0
KR,Feb-14,0
KR,Mar-14,0
KR,Apr-14,0
KR,May-14,0
KR,Jun-14,0
KR,Jul-14,0
KR,Aug-14,0
KR,Sep-14,0
KR,Oct-14,0
KR,Nov-14,0
KR,Dec-14,0
KR,Jan-15,0
KR,Feb-15,0
KR,Mar-15,0
KR,Apr-15,0
KR,May-15,0
KR,Jun-15,0
KR,Jul-15,0
KR,Aug-15,0
KR,Sep-15,0
KR,Oct-15,0
KR,Nov-15,0
KR,Dec-15,0
KR,Jan-16,0
KR,Feb-16,0
KR,Mar-16,0
KR,Apr-16,0
KR,May-16,0
KR,Jun-16,0
KR,Jul-16,0
KR,Aug-16,0
KR,Sep-16,0
KR,Oct-16,0
KR,Nov-16,0
KR,Dec-16,0
KR,Jan-17,0
KR,Feb-17,0
KR,Mar-17,0
KR,Apr-17,0
KR,May-17,0
KR,Jun-17,0
KR,Jul-17,0
KR,Aug-17,0
KR,Sep-17,0
KR,Oct-17,0
KR,Nov-17,0
KR,Dec-17,0
KR,Jan-18,0
KR,Feb-18,0
KR,Mar-18,0
KR,Apr-18,0
KR,May-18,0
KR,Jun-18,0
KR,Jul-18,0
KR,Aug-18,0
KR,Sep-18,0
KR,Oct-18,0
KR,Nov-18,0
KR,Dec-18,0
KR,Jan-19,0
KR,Feb-19,0
KR,Mar-19,0
KR,Apr-19,0
KR,May-19,0
KR,Jun-19,0
KR,Jul-19,0
KR,Aug-19,0
KR,Sep-19,0
KR,Oct-19,0
KR,Nov-19,0
KR,Dec-19,0
KR,Jan-20,0
KR,Feb-20,0
KR,Mar-20,0
KR,Apr-20,0
KR,May-20,0
KR,Jun-20,0
KR,Jul-20,0
KR,Aug-20,0
KR,Sep-20,0
KR,Oct-20,0
KR,Nov-20,0
KR,Dec-20,0
KR,Jan-21,0
KR,Feb-21,0
KR,Mar-21,0
KR,Apr-21,0
KR,May-21,0
KR,Jun-21,0
KR,Jul-21,0
KR,Aug-21,0
KR,Sep-21,0
KR,Oct-21,0
KR,Nov-21,0
KR,Dec-21,0
KR,Jan-22,0
KR,Feb-22,0
KR,Mar-22,0
KR,Apr-22,0
KR,May-22,0
KR,Jun-22,0
KR,Jul-22,0
KR,Aug-22,0
KR,Sep-22,0
KR,Oct-22,0
KR,Nov-22,0
KR,Dec-22,0
KR,Jan-23,0
KR,Feb-23,0
KR,Mar-23,0
KR,Apr-23,0
KR,May-23,0
KR,Jun-23,0
KR,Jul-23,0
KR,Aug-23,0
KR,Sep-23,0
KR,Oct-23,0
KR,Nov-23,0
KR,Dec-23,0
MX,Jan-12,0
MX,Feb-12,0
MX,Mar-12,0
MX,Apr-12,0
MX,May-12,0
MX,Jun-12,0
MX,Jul-12,0
MX,Aug-12,0
MX,Sep-12,0
MX,Oct-12,0
MX,Nov-12,0
MX,Dec-12,0
MX,Jan-13,3
MX,Feb-13,1
MX,Mar-13,0
MX,Apr-13,0
MX,May-13,0
MX,Jun-13,0
MX,Jul-13,0
MX,Aug-13,0
MX,Sep-13,0
MX,Oct-13,0
MX,Nov-13,1
MX,Dec-13,0
MX,Jan-14,0
MX,Feb-14,0
MX,Mar-14,0
MX,Apr-14,0
MX,May-14,0
MX,Jun-14,0
MX,Jul-14,0
MX,Aug-14,0
MX,Sep-14,0
MX,Oct-14,1
MX,Nov-14,0
MX,Dec-14,2
MX,Jan-15,1
MX,Feb-15,0
MX,Mar-15,0
MX,Apr-15,0
MX,May-15,0
MX,Jun-15,0
MX,Jul-15,0
MX,Aug-15,0
MX,Sep-15,0
MX,Oct-15,1
MX,Nov-15,0
MX,Dec-15,1
MX,Jan-16,4
MX,Feb-16,0
MX,Mar-16,1
MX,Apr-16,0
MX,May-16,0
MX,Jun-16,0
MX,Jul-16,0
MX,Aug-16,0
MX,Sep-16,0
MX,Oct-16,0
MX,Nov-16,0
MX,Dec-16,0
MX,Jan-17,0
MX,Feb-17,0
MX,Mar-17,0
MX,Apr-17,0
MX,May-17,0
MX,Jun-17,0
MX,Jul-17,0
MX,Aug-17,0
MX,Sep-17,0
MX,Oct-17,1
MX,Nov-17,0
MX,Dec-17,5
MX,Jan-18,0
MX,Feb-18,0
MX,Mar-18,0
MX,Apr-18,0
MX,May-18,0
MX,Jun-18,0
MX,Jul-18,0
MX,Aug-18,0
MX,Sep-18,0
MX,Oct-18,0
MX,Nov-18,0
MX,Dec-18,1
MX,Jan-19,0
MX,Feb-19,0
MX,Mar-19,0
MX,Apr-19,0
MX,May-19,0
MX,Jun-19,0
MX,Jul-19,0
MX,Aug-19,0
MX,Sep-19,0
MX,Oct-19,0
MX,Nov-19,0
MX,Dec-19,1
MX,Jan-20,2
MX,Feb-20,0
MX,Mar-20,0
MX,Apr-20,0
MX,May-20,0
MX,Jun-20,0
MX,Jul-20,0
MX,Aug-20,0
MX,Sep-20,0
MX,Oct-20,0
MX,Nov-20,0
MX,Dec-20,4
MX,Jan-21,0
MX,Feb-21,0
MX,Mar-21,0
MX,Apr-21,0
MX,May-21,0
MX,Jun-21,0
MX,Jul-21,0
MX,Aug-21,0
MX,Sep-21,0
MX,Oct-21,0
MX,Nov-21,0
MX,Dec-21,1
MX,Jan-22,1
MX,Feb-22,0
MX,Mar-22,0
MX,Apr-22,0
MX,May-22,0
MX,Jun-22,0
MX,Jul-22,0
MX,Aug-22,0
MX,Sep-22,0
MX,Oct-22,0
MX,Nov-22,1
MX,Dec-22,0
MX,Jan-23,1
MX,Feb-23,1
MX,Mar-23,0
MX,Apr-23,0
MX,May-23,0
MX,Jun-23,0
MX,Jul-23,0
MX,Aug-23,0
MX,Sep-23,0
MX,Oct-23,0
MX,Nov-23,1
MX,Dec-23,0
RS,Jan-12,12978
RS,Feb-12,13387
RS,Mar-12,13456
RS,Apr-12,7983
RS,May-12,1948
RS,Jun-12,158
RS,Jul-12,4
RS,Aug-12,3
RS,Sep-12,313
RS,Oct-12,7943
RS,Nov-12,18344
RS,Dec-12,25283
RS,Jan-13,26426
RS,Feb-13,23080
RS,Mar-13,24850
RS,Apr-13,15552
RS,May-13,2496
RS,Jun-13,311
RS,Jul-13,27
RS,Aug-13,11
RS,Sep-13,944
RS,Oct-13,7565
RS,Nov-13,11935
RS,Dec-13,19153
RS,Jan-14,19931
RS,Feb-14,18677
RS,Mar-14,17745
RS,Apr-14,9618
RS,May-14,3282
RS,Jun-14,457
RS,Jul-14,23
RS,Aug-14,8
RS,Sep-14,634
RS,Oct-14,8725
RS,Nov-14,15175
RS,Dec-14,21753
RS,Jan-15,23116
RS,Feb-15,21062
RS,Mar-15,22015
RS,Apr-15,13585
RS,May-15,3979
RS,Jun-15,236
RS,Jul-15,3
RS,Aug-15,4
RS,Sep-15,290
RS,Oct-15,9296
RS,Nov-15,18576
RS,Dec-15,22184
RS,Jan-16,25335
RS,Feb-16,22596
RS,Mar-16,21974
RS,Apr-16,11236
RS,May-16,3394
RS,Jun-16,265
RS,Jul-16,21
RS,Aug-16,43
RS,Sep-16,567
RS,Oct-16,9428
RS,Nov-16,21524
RS,Dec-16,25192
RS,Jan-17,25271
RS,Feb-17,22852
RS,Mar-17,21485
RS,Apr-17,13257
RS,May-17,5073
RS,Jun-17,684
RS,Jul-17,67
RS,Aug-17,27
RS,Sep-17,389
RS,Oct-17,8262
RS,Nov-17,17810
RS,Dec-17,24064
RS,Jan-18,24791
RS,Feb-18,22731
RS,Mar-18,24279
RS,Apr-18,14362
RS,May-18,4938
RS,Jun-18,568
RS,Jul-18,3
RS,Aug-18,2
RS,Sep-18,286
RS,Oct-18,5526
RS,Nov-18,16634
RS,Dec-18,23824
RS,Jan-19,24030
RS,Feb-19,21083
RS,Mar-19,21419
RS,Apr-19,12597
RS,May-19,3871
RS,Jun-19,431
RS,Jul-19,9
RS,Aug-19,0
RS,Sep-19,514
RS,Oct-19,7477
RS,Nov-19,16314
RS,Dec-19,21248
RS,Jan-20,22857
RS,Feb-20,21401
RS,Mar-20,18939
RS,Apr-20,10956
RS,May-20,3327
RS,Jun-20,152
RS,Jul-20,2
RS,Aug-20,3
RS,Sep-20,80
RS,Oct-20,7266
RS,Nov-20,16883
RS,Dec-20,23200
RS,Jan-21,24488
RS,Feb-21,17994
RS,Mar-21,22839
RS,Apr-21,12561
RS,May-21,3321
RS,Jun-21,277
RS,Jul-21,22
RS,Aug-21,0
RS,Sep-21,511
RS,Oct-21,6060
RS,Nov-21,16703
RS,Dec-21,22003
RS,Jan-22,23334
RS,Feb-22,20736
RS,Mar-22,22366
RS,Apr-22,13512
RS,May-22,3781
RS,Jun-22,116
RS,Jul-22,7
RS,Aug-22,0
RS,Sep-22,661
RS,Oct-22,5467
RS,Nov-22,16603
RS,Dec-22,21246
RS,Jan-23,22110
RS,Feb-23,20103
RS,Mar-23,18965
RS,Apr-23,12064
RS,May-23,4125
RS,Jun-23,191
RS,Jul-23,29
RS,Aug-23,5
RS,Sep-23,298
RS,Oct-23,6256
RS,Nov-23,16705
RS,Dec-23,21826
SA,Jan-12,0
SA,Feb-12,0
SA,Mar-12,0
SA,Apr-12,0
SA,May-12,0
SA,Jun-12,0
SA,Jul-12,0
SA,Aug-12,0
SA,Sep-12,0
SA,Oct-12,0
SA,Nov-12,0
SA,Dec-12,1
SA,Jan-13,0
SA,Feb-13,0
SA,Mar-13,0
SA,Apr-13,0
SA,May-13,0
SA,Jun-13,0
SA,Jul-13,0
SA,Aug-13,0
SA,Sep-13,0
SA,Oct-13,0
SA,Nov-13,0
SA,Dec-13,1
SA,Jan-14,0
SA,Feb-14,0
SA,Mar-14,0
SA,Apr-14,0
SA,May-14,0
SA,Jun-14,0
SA,Jul-14,0
SA,Aug-14,0
SA,Sep-14,0
SA,Oct-14,0
SA,Nov-14,0
SA,Dec-14,0
SA,Jan-15,0
SA,Feb-15,0
SA,Mar-15,0
SA,Apr-15,0
SA,May-15,0
SA,Jun-15,0
SA,Jul-15,0
SA,Aug-15,0
SA,Sep-15,0
SA,Oct-15,1
SA,Nov-15,0
SA,Dec-15,1
SA,Jan-16,0
SA,Feb-16,0
SA,Mar-16,0
SA,Apr-16,0
SA,May-16,0
SA,Jun-16,0
SA,Jul-16,0
SA,Aug-16,0
SA,Sep-16,0
SA,Oct-16,0
SA,Nov-16,0
SA,Dec-16,0
SA,Jan-17,0
SA,Feb-17,0
SA,Mar-17,1
SA,Apr-17,0
SA,May-17,0
SA,Jun-17,0
SA,Jul-17,0
SA,Aug-17,0
SA,Sep-17,0
SA,Oct-17,0
SA,Nov-17,0
SA,Dec-17,0
SA,Jan-18,0
SA,Feb-18,0
SA,Mar-18,0
SA,Apr-18,0
SA,May-18,0
SA,Jun-18,0
SA,Jul-18,0
SA,Aug-18,0
SA,Sep-18,0
SA,Oct-18,0
SA,Nov-18,0
SA,Dec-18,0
SA,Jan-19,0
SA,Feb-19,0
SA,Mar-19,0
SA,Apr-19,0
SA,May-19,0
SA,Jun-19,0
SA,Jul-19,0
SA,Aug-19,0
SA,Sep-19,0
SA,Oct-19,0
SA,Nov-19,0
SA,Dec-19,0
SA,Jan-20,2
SA,Feb-20,0
SA,Mar-20,0
SA,Apr-20,0
SA,May-20,0
SA,Jun-20,0
SA,Jul-20,0
SA,Aug-20,0
SA,Sep-20,0
SA,Oct-20,0
SA,Nov-20,0
SA,Dec-20,0
SA,Jan-21,0
SA,Feb-21,0
SA,Mar-21,0
SA,Apr-21,0
SA,May-21,0
SA,Jun-21,0
SA,Jul-21,0
SA,Aug-21,0
SA,Sep-21,0
SA,Oct-21,0
SA,Nov-21,0
SA,Dec-21,0
SA,Jan-22,0
SA,Feb-22,0
SA,Mar-22,0
SA,Apr-22,0
SA,May-22,0
SA,Jun-22,0
SA,Jul-22,0
SA,Aug-22,0
SA,Sep-22,0
SA,Oct-22,0
SA,Nov-22,0
SA,Dec-22,0
SA,Jan-23,0
SA,Feb-23,0
SA,Mar-23,0
SA,Apr-23,0
SA,May-23,0
SA,Jun-23,0
SA,Jul-23,0
SA,Aug-23,0
SA,Sep-23,0
SA,Oct-23,0
SA,Nov-23,0
SA,Dec-23,0
TU,Jan-12,500
TU,Feb-12,669
TU,Mar-12,360
TU,Apr-12,6
TU,May-12,0
TU,Jun-12,0
TU,Jul-12,0
TU,Aug-12,0
TU,Sep-12,0
TU,Oct-12,0
TU,Nov-12,0
TU,Dec-12,123
TU,Jan-13,318
TU,Feb-13,125
TU,Mar-13,84
TU,Apr-13,0
TU,May-13,0
TU,Jun-13,0
TU,Jul-13,0
TU,Aug-13,0
TU,Sep-13,0
TU,Oct-13,2
TU,Nov-13,8
TU,Dec-13,889
TU,Jan-14,352
TU,Feb-14,216
TU,Mar-14,73
TU,Apr-14,11
TU,May-14,0
TU,Jun-14,0
TU,Jul-14,0
TU,Aug-14,0
TU,Sep-14,0
TU,Oct-14,1
TU,Nov-14,87
TU,Dec-14,153
TU,Jan-15,1006
TU,Feb-15,660
TU,Mar-15,209
TU,Apr-15,59
TU,May-15,0
TU,Jun-15,0
TU,Jul-15,0
TU,Aug-15,0
TU,Sep-15,0
TU,Oct-15,0
TU,Nov-15,18
TU,Dec-15,445
TU,Jan-16,1217
TU,Feb-16,437
TU,Mar-16,88
TU,Apr-16,12
TU,May-16,4
TU,Jun-16,10
TU,Jul-16,2
TU,Aug-16,1
TU,Sep-16,7
TU,Oct-16,14
TU,Nov-16,138
TU,Dec-16,952
TU,Jan-17,1346
TU,Feb-17,640
TU,Mar-17,233
TU,Apr-17,63
TU,May-17,11
TU,Jun-17,5
TU,Jul-17,0
TU,Aug-17,1
TU,Sep-17,0
TU,Oct-17,59
TU,Nov-17,132
TU,Dec-17,330
TU,Jan-18,418
TU,Feb-18,214
TU,Mar-18,132
TU,Apr-18,9
TU,May-18,23
TU,Jun-18,9
TU,Jul-18,4
TU,Aug-18,2
TU,Sep-18,0
TU,Oct-18,108
TU,Nov-18,189
TU,Dec-18,593
TU,Jan-19,969
TU,Feb-19,414
TU,Mar-19,339
TU,Apr-19,175
TU,May-19,12
TU,Jun-19,10
TU,Jul-19,1
TU,Aug-19,3
TU,Sep-19,2
TU,Oct-19,85
TU,Nov-19,116
TU,Dec-19,398
TU,Jan-20,585
TU,Feb-20,689
TU,Mar-20,295
TU,Apr-20,135
TU,May-20,39
TU,Jun-20,11
TU,Jul-20,2
TU,Aug-20,2
TU,Sep-20,7
TU,Oct-20,45
TU,Nov-20,129
TU,Dec-20,246
TU,Jan-21,696
TU,Feb-21,481
TU,Mar-21,377
TU,Apr-21,100
TU,May-21,3
TU,Jun-21,2
TU,Jul-21,2
TU,Aug-21,1
TU,Sep-21,14
TU,Oct-21,84
TU,Nov-21,136
TU,Dec-21,496
TU,Jan-22,1061
TU,Feb-22,692
TU,Mar-22,695
TU,Apr-22,109
TU,May-22,0
TU,Jun-22,0
TU,Jul-22,0
TU,Aug-22,1
TU,Sep-22,10
TU,Oct-22,62
TU,Nov-22,141
TU,Dec-22,136
TU,Jan-23,201
TU,Feb-23,781
TU,Mar-23,245
TU,Apr-23,187
TU,May-23,26
TU,Jun-23,12
TU,Jul-23,1
TU,Aug-23,0
TU,Sep-23,1
TU,Oct-23,57
TU,Nov-23,236
TU,Dec-23,224
UK,Jan-12,59
UK,Feb-12,292
UK,Mar-12,24
UK,Apr-12,58
UK,May-12,6
UK,Jun-12,3
UK,Jul-12,0
UK,Aug-12,0
UK,Sep-12,0
UK,Oct-12,32
UK,Nov-12,41
UK,Dec-12,164
UK,Jan-13,674
UK,Feb-13,196
UK,Mar-13,332
UK,Apr-13,58
UK,May-13,3
UK,Jun-13,0
UK,Jul-13,2
UK,Aug-13,2
UK,Sep-13,0
UK,Oct-13,27
UK,Nov-13,26
UK,Dec-13,55
UK,Jan-14,28
UK,Feb-14,61
UK,Mar-14,10
UK,Apr-14,2
UK,May-14,1
UK,Jun-14,0
UK,Jul-14,0
UK,Aug-14,0
UK,Sep-14,0
UK,Oct-14,11
UK,Nov-14,4
UK,Dec-14,85
UK,Jan-15,283
UK,Feb-15,153
UK,Mar-15,49
UK,Apr-15,15
UK,May-15,0
UK,Jun-15,0
UK,Jul-15,2
UK,Aug-15,0
UK,Sep-15,0
UK,Oct-15,4
UK,Nov-15,29
UK,Dec-15,27
UK,Jan-16,147
UK,Feb-16,71
UK,Mar-16,21
UK,Apr-16,19
UK,May-16,1
UK,Jun-16,30
UK,Jul-16,11
UK,Aug-16,19
UK,Sep-16,16
UK,Oct-16,12
UK,Nov-16,49
UK,Dec-16,17
UK,Jan-17,52
UK,Feb-17,42
UK,Mar-17,32
UK,Apr-17,6
UK,May-17,18
UK,Jun-17,26
UK,Jul-17,25
UK,Aug-17,28
UK,Sep-17,27
UK,Oct-17,18
UK,Nov-17,48
UK,Dec-17,265
UK,Jan-18,179
UK,Feb-18,226
UK,Mar-18,383
UK,Apr-18,44
UK,May-18,17
UK,Jun-18,2
UK,Jul-18,6
UK,Aug-18,8
UK,Sep-18,10
UK,Oct-18,10
UK,Nov-18,25
UK,Dec-18,29
UK,Jan-19,138
UK,Feb-19,110
UK,Mar-19,46
UK,Apr-19,18
UK,May-19,8
UK,Jun-19,31
UK,Jul-19,16
UK,Aug-19,17
UK,Sep-19,23
UK,Oct-19,33
UK,Nov-19,40
UK,Dec-19,32
UK,Jan-20,44
UK,Feb-20,94
UK,Mar-20,17
UK,Apr-20,2
UK,May-20,2
UK,Jun-20,11
UK,Jul-20,14
UK,Aug-20,18
UK,Sep-20,15
UK,Oct-20,23
UK,Nov-20,15
UK,Dec-20,102
UK,Jan-21,334
UK,Feb-21,227
UK,Mar-21,9
UK,Apr-21,40
UK,May-21,17
UK,Jun-21,12
UK,Jul-21,18
UK,Aug-21,14
UK,Sep-21,6
UK,Oct-21,29
UK,Nov-21,66
UK,Dec-21,18
UK,Jan-22,36
UK,Feb-22,76
UK,Mar-22,21
UK,Apr-22,22
UK,May-22,8
UK,Jun-22,3
UK,Jul-22,3
UK,Aug-22,2
UK,Sep-22,4
UK,Oct-22,3
UK,Nov-22,12
UK,Dec-22,334
UK,Jan-23,194
UK,Feb-23,3
UK,Mar-23,216
UK,Apr-23,4
UK,May-23,4
UK,Jun-23,0
UK,Jul-23,2
UK,Aug-23,2
UK,Sep-23,4
UK,Oct-23,3
UK,Nov-23,17
UK,Dec-23,100
US,Jan-12,0
US,Feb-12,0
US,Mar-12,0
US,Apr-12,0
US,May-12,0
US,Jun-12,0
US,Jul-12,0
US,Aug-12,0
US,Sep-12,0
US,Oct-12,0
US,Nov-12,0
US,Dec-12,0
US,Jan-13,0
US,Feb-13,0
US,Mar-13,0
US,Apr-13,0
US,May-13,0
US,Jun-13,0
US,Jul-13,0
US,Aug-13,0
US,Sep-13,0
US,Oct-13,0
US,Nov-13,0
US,Dec-13,0
US,Jan-14,0
US,Feb-14,0
US,Mar-14,0
US,Apr-14,0
US,May-14,0
US,Jun-14,0
US,Jul-14,0
US,Aug-14,0
US,Sep-14,0
US,Oct-14,0
US,Nov-14,0
US,Dec-14,0
US,Jan-15,0
US,Feb-15,0
US,Mar-15,0
US,Apr-15,0
US,May-15,0
US,Jun-15,0
US,Jul-15,0
US,Aug-15,0
US,Sep-15,0
US,Oct-15,0
US,Nov-15,0
US,Dec-15,0
US,Jan-16,0
US,Feb-16,0
US,Mar-16,0
US,Apr-16,0
US,May-16,0
US,Jun-16,0
US,Jul-16,0
US,Aug-16,0
US,Sep-16,0
US,Oct-16,0
US,Nov-16,0
US,Dec-16,0
US,Jan-17,0
US,Feb-17,0
US,Mar-17,0
US,Apr-17,0
US,May-17,0
US,Jun-17,0
US,Jul-17,0
US,Aug-17,0
US,Sep-17,0
US,Oct-17,0
US,Nov-17,0
US,Dec-17,0
US,Jan-18,0
US,Feb-18,0
US,Mar-18,0
US,Apr-18,0
US,May-18,0
US,Jun-18,0
US,Jul-18,0
US,Aug-18,0
US,Sep-18,0
US,Oct-18,0
US,Nov-18,0
US,Dec-18,0
US,Jan-19,0
US,Feb-19,0
US,Mar-19,0
US,Apr-19,0
US,May-19,0
US,Jun-19,0
US,Jul-19,0
US,Aug-19,0
US,Sep-19,0
US,Oct-19,0
US,Nov-19,0
US,Dec-19,0
US,Jan-20,0
US,Feb-20,0
US,Mar-20,0
US,Apr-20,0
US,May-20,0
US,Jun-20,0
US,Jul-20,0
US,Aug-20,0
US,Sep-20,0
US,Oct-20,0
US,Nov-20,0
US,Dec-20,0
US,Jan-21,0
US,Feb-21,0
US,Mar-21,0
US,Apr-21,0
US,May-21,0
US,Jun-21,0
US,Jul-21,0
US,Aug-21,0
US,Sep-21,0
US,Oct-21,0
US,Nov-21,0
US,Dec-21,0
US,Jan-22,0
US,Feb-22,0
US,Mar-22,0
US,Apr-22,0
US,May-22,0
US,Jun-22,0
US,Jul-22,0
US,Aug-22,0
US,Sep-22,0
US,Oct-22,0
US,Nov-22,0
US,Dec-22,0
US,Jan-23,0
US,Feb-23,0
US,Mar-23,0
US,Apr-23,0
US,May-23,0
US,Jun-23,0
US,Jul-23,0
US,Aug-23,0
US,Sep-23,0
US,Oct-23,0
US,Nov-23,0
US,Dec-23,0
ZA,Jan-12,0
ZA,Feb-12,0
ZA,Mar-12,0
ZA,Apr-12,0
ZA,May-12,0
ZA,Jun-12,0
ZA,Jul-12,0
ZA,Aug-12,0
ZA,Sep-12,0
ZA,Oct-12,0
ZA,Nov-12,0
ZA,Dec-12,0
ZA,Jan-13,0
ZA,Feb-13,0
ZA,Mar-13,0
ZA,Apr-13,0
ZA,May-13,0
ZA,Jun-13,0
ZA,Jul-13,0
ZA,Aug-13,0
ZA,Sep-13,0
ZA,Oct-13,0
ZA,Nov-13,0
ZA,Dec-13,0
ZA,Jan-14,0
ZA,Feb-14,0
ZA,Mar-14,0
ZA,Apr-14,0
ZA,May-14,0
ZA,Jun-14,0
ZA,Jul-14,0
ZA,Aug-14,0
ZA,Sep-14,0
ZA,Oct-14,0
ZA,Nov-14,0
ZA,Dec-14,0
ZA,Jan-15,0
ZA,Feb-15,0
ZA,Mar-15,0
ZA,Apr-15,0
ZA,May-15,0
ZA,Jun-15,0
ZA,Jul-15,0
ZA,Aug-15,0
ZA,Sep-15,0
ZA,Oct-15,0
ZA,Nov-15,0
ZA,Dec-15,0
ZA,Jan-16,0
ZA,Feb-16,0
ZA,Mar-16,0
ZA,Apr-16,0
ZA,May-16,0
ZA,Jun-16,0
ZA,Jul-16,0
ZA,Aug-16,0
ZA,Sep-16,0
ZA,Oct-16,0
ZA,Nov-16,0
ZA,Dec-16,0
ZA,Jan-17,0
ZA,Feb-17,0
ZA,Mar-17,0
ZA,Apr-17,0
ZA,May-17,0
ZA,Jun-17,0
ZA,Jul-17,0
ZA,Aug-17,0
ZA,Sep-17,0
ZA,Oct-17,0
ZA,Nov-17,0
ZA,Dec-17,0
ZA,Jan-18,0
ZA,Feb-18,0
ZA,Mar-18,0
ZA,Apr-18,0
ZA,May-18,0
ZA,Jun-18,0
ZA,Jul-18,0
ZA,Aug-18,0
ZA,Sep-18,0
ZA,Oct-18,0
ZA,Nov-18,0
ZA,Dec-18,0
ZA,Jan-19,0
ZA,Feb-19,0
ZA,Mar-19,0
ZA,Apr-19,0
ZA,May-19,0
ZA,Jun-19,0
ZA,Jul-19,0
ZA,Aug-19,0
ZA,Sep-19,0
ZA,Oct-19,0
ZA,Nov-19,0
ZA,Dec-19,0
ZA,Jan-20,0
ZA,Feb-20,0
ZA,Mar-20,0
ZA,Apr-20,0
ZA,May-20,0
ZA,Jun-20,0
ZA,Jul-20,0
ZA,Aug-20,0
ZA,Sep-20,0
ZA,Oct-20,0
ZA,Nov-20,0
ZA,Dec-20,0
ZA,Jan-21,0
ZA,Feb-21,0
ZA,Mar-21,0
ZA,Apr-21,0
ZA,May-21,0
ZA,Jun-21,1
ZA,Jul-21,0
ZA,Aug-21,0
ZA,Sep-21,0
ZA,Oct-21,0
ZA,Nov-21,0
ZA,Dec-21,0
ZA,Jan-22,0
ZA,Feb-22,0
ZA,Mar-22,0
ZA,Apr-22,0
ZA,May-22,0
ZA,Jun-22,0
ZA,Jul-22,0
ZA,Aug-22,0
ZA,Sep-22,0
ZA,Oct-22,0
ZA,Nov-22,0
ZA,Dec-22,0
ZA,Jan-23,0
ZA,Feb-23,0
ZA,Mar-23,0
ZA,Apr-23,0
ZA,May-23,0
ZA,Jun-23,0
ZA,Jul-23,0
ZA,Aug-23,0
ZA,Sep-23,0
ZA,Oct-23,0
ZA,Nov-23,0
ZA,Dec-23,0