,Country,Month,Heat Wave
1,AR,Jan-12,0
2,AR,Feb-12,0
3,AR,Mar-12,0
4,AR,Apr-12,0
5,AR,May-12,0
6,AR,Jun-12,0
7,AR,Jul-12,0
8,AR,Aug-12,0
9,AR,Sep-12,0
10,AR,Oct-12,0
11,AR,Nov-12,0
12,AR,Dec-12,0
229,AR,Jan-13,0
230,AR,Feb-13,0
231,AR,Mar-13,0
232,AR,Apr-13,0
233,AR,May-13,0
234,AR,Jun-13,0
235,AR,Jul-13,0
236,AR,Aug-13,0
237,AR,Sep-13,0
238,AR,Oct-13,0
239,AR,Nov-13,0
240,AR,Dec-13,5
457,AR,Jan-14,5
458,AR,Feb-14,0
459,AR,Mar-14,0
460,AR,Apr-14,0
461,AR,May-14,0
462,AR,Jun-14,0
463,AR,Jul-14,0
464,AR,Aug-14,0
465,AR,Sep-14,0
466,AR,Oct-14,0
467,AR,Nov-14,0
468,AR,Dec-14,0
685,AR,Jan-15,0
686,AR,Feb-15,0
687,AR,Mar-15,0
688,AR,Apr-15,0
689,AR,May-15,0
690,AR,Jun-15,0
691,AR,Jul-15,0
692,AR,Aug-15,0
693,AR,Sep-15,0
694,AR,Oct-15,0
695,AR,Nov-15,0
696,AR,Dec-15,0
913,AR,Jan-16,0
914,AR,Feb-16,0
915,AR,Mar-16,0
916,AR,Apr-16,0
917,AR,May-16,0
918,AR,Jun-16,0
919,AR,Jul-16,0
920,AR,Aug-16,0
921,AR,Sep-16,0
922,AR,Oct-16,0
923,AR,Nov-16,0
924,AR,Dec-16,0
1141,AR,Jan-17,0
1142,AR,Feb-17,0
1143,AR,Mar-17,0
1144,AR,Apr-17,0
1145,AR,May-17,0
1146,AR,Jun-17,0
1147,AR,Jul-17,0
1148,AR,Aug-17,0
1149,AR,Sep-17,0
1150,AR,Oct-17,0
1151,AR,Nov-17,0
1152,AR,Dec-17,0
1369,AR,Jan-18,0
1370,AR,Feb-18,0
1371,AR,Mar-18,0
1372,AR,Apr-18,0
1373,AR,May-18,0
1374,AR,Jun-18,0
1375,AR,Jul-18,0
1376,AR,Aug-18,0
1377,AR,Sep-18,0
1378,AR,Oct-18,0
1379,AR,Nov-18,0
1380,AR,Dec-18,0
1597,AR,Jan-19,0
1598,AR,Feb-19,0
1599,AR,Mar-19,0
1600,AR,Apr-19,0
1601,AR,May-19,0
1602,AR,Jun-19,0
1603,AR,Jul-19,0
1604,AR,Aug-19,0
1605,AR,Sep-19,0
1606,AR,Oct-19,0
1607,AR,Nov-19,0
1608,AR,Dec-19,0
1825,AR,Jan-20,0
1826,AR,Feb-20,0
1827,AR,Mar-20,0
1828,AR,Apr-20,0
1829,AR,May-20,0
1830,AR,Jun-20,0
1831,AR,Jul-20,0
1832,AR,Aug-20,0
1833,AR,Sep-20,0
1834,AR,Oct-20,0
1835,AR,Nov-20,0
1836,AR,Dec-20,0
2053,AR,Jan-21,0
2054,AR,Feb-21,0
2055,AR,Mar-21,0
2056,AR,Apr-21,0
2057,AR,May-21,0
2058,AR,Jun-21,0
2059,AR,Jul-21,0
2060,AR,Aug-21,0
2061,AR,Sep-21,0
2062,AR,Oct-21,0
2063,AR,Nov-21,0
2064,AR,Dec-21,0
2281,AR,Jan-22,18
2282,AR,Feb-22,0
2283,AR,Mar-22,0
2284,AR,Apr-22,0
2285,AR,May-22,0
2286,AR,Jun-22,0
2287,AR,Jul-22,0
2288,AR,Aug-22,0
2289,AR,Sep-22,0
2290,AR,Oct-22,0
2291,AR,Nov-22,0
2292,AR,Dec-22,8
2509,AR,Jan-23,5
2510,AR,Feb-23,0
2511,AR,Mar-23,0
2512,AR,Apr-23,0
2513,AR,May-23,0
2514,AR,Jun-23,0
2515,AR,Jul-23,0
2516,AR,Aug-23,0
2517,AR,Sep-23,0
2518,AR,Oct-23,0
2519,AR,Nov-23,5
2520,AR,Dec-23,1
13,AU,Jan-12,0
14,AU,Feb-12,0
15,AU,Mar-12,0
16,AU,Apr-12,0
17,AU,May-12,0
18,AU,Jun-12,0
19,AU,Jul-12,0
20,AU,Aug-12,0
21,AU,Sep-12,0
22,AU,Oct-12,0
23,AU,Nov-12,0
24,AU,Dec-12,0
241,AU,Jan-13,0
242,AU,Feb-13,0
243,AU,Mar-13,0
244,AU,Apr-13,0
245,AU,May-13,0
246,AU,Jun-13,0
247,AU,Jul-13,0
248,AU,Aug-13,0
249,AU,Sep-13,0
250,AU,Oct-13,0
251,AU,Nov-13,0
252,AU,Dec-13,0
469,AU,Jan-14,0
470,AU,Feb-14,0
471,AU,Mar-14,0
472,AU,Apr-14,0
473,AU,May-14,0
474,AU,Jun-14,0
475,AU,Jul-14,0
476,AU,Aug-14,0
477,AU,Sep-14,0
478,AU,Oct-14,0
479,AU,Nov-14,0
480,AU,Dec-14,0
697,AU,Jan-15,0
698,AU,Feb-15,0
699,AU,Mar-15,0
700,AU,Apr-15,0
701,AU,May-15,0
702,AU,Jun-15,0
703,AU,Jul-15,0
704,AU,Aug-15,0
705,AU,Sep-15,0
706,AU,Oct-15,0
707,AU,Nov-15,0
708,AU,Dec-15,0
925,AU,Jan-16,0
926,AU,Feb-16,0
927,AU,Mar-16,0
928,AU,Apr-16,0
929,AU,May-16,0
930,AU,Jun-16,0
931,AU,Jul-16,0
932,AU,Aug-16,0
933,AU,Sep-16,0
934,AU,Oct-16,0
935,AU,Nov-16,0
936,AU,Dec-16,0
1153,AU,Jan-17,0
1154,AU,Feb-17,0
1155,AU,Mar-17,0
1156,AU,Apr-17,0
1157,AU,May-17,0
1158,AU,Jun-17,0
1159,AU,Jul-17,0
1160,AU,Aug-17,0
1161,AU,Sep-17,0
1162,AU,Oct-17,0
1163,AU,Nov-17,0
1164,AU,Dec-17,0
1381,AU,Jan-18,0
1382,AU,Feb-18,0
1383,AU,Mar-18,0
1384,AU,Apr-18,0
1385,AU,May-18,0
1386,AU,Jun-18,0
1387,AU,Jul-18,0
1388,AU,Aug-18,0
1389,AU,Sep-18,0
1390,AU,Oct-18,0
1391,AU,Nov-18,0
1392,AU,Dec-18,0
1609,AU,Jan-19,0
1610,AU,Feb-19,0
1611,AU,Mar-19,0
1612,AU,Apr-19,0
1613,AU,May-19,0
1614,AU,Jun-19,0
1615,AU,Jul-19,0
1616,AU,Aug-19,0
1617,AU,Sep-19,0
1618,AU,Oct-19,0
1619,AU,Nov-19,0
1620,AU,Dec-19,0
1837,AU,Jan-20,0
1838,AU,Feb-20,0
1839,AU,Mar-20,0
1840,AU,Apr-20,0
1841,AU,May-20,0
1842,AU,Jun-20,0
1843,AU,Jul-20,0
1844,AU,Aug-20,0
1845,AU,Sep-20,0
1846,AU,Oct-20,0
1847,AU,Nov-20,0
1848,AU,Dec-20,0
2065,AU,Jan-21,0
2066,AU,Feb-21,0
2067,AU,Mar-21,0
2068,AU,Apr-21,0
2069,AU,May-21,0
2070,AU,Jun-21,0
2071,AU,Jul-21,0
2072,AU,Aug-21,0
2073,AU,Sep-21,0
2074,AU,Oct-21,0
2075,AU,Nov-21,0
2076,AU,Dec-21,0
2293,AU,Jan-22,0
2294,AU,Feb-22,0
2295,AU,Mar-22,0
2296,AU,Apr-22,0
2297,AU,May-22,0
2298,AU,Jun-22,0
2299,AU,Jul-22,0
2300,AU,Aug-22,0
2301,AU,Sep-22,0
2302,AU,Oct-22,0
2303,AU,Nov-22,0
2304,AU,Dec-22,0
2521,AU,Jan-23,0
2522,AU,Feb-23,0
2523,AU,Mar-23,0
2524,AU,Apr-23,0
2525,AU,May-23,0
2526,AU,Jun-23,0
2527,AU,Jul-23,0
2528,AU,Aug-23,0
2529,AU,Sep-23,0
2530,AU,Oct-23,0
2531,AU,Nov-23,0
2532,AU,Dec-23,0
25,BR,Jan-12,0
26,BR,Feb-12,0
27,BR,Mar-12,0
28,BR,Apr-12,0
29,BR,May-12,0
30,BR,Jun-12,0
31,BR,Jul-12,0
32,BR,Aug-12,4
33,BR,Sep-12,11
34,BR,Oct-12,6
35,BR,Nov-12,0
36,BR,Dec-12,0
253,BR,Jan-13,0
254,BR,Feb-13,0
255,BR,Mar-13,0
256,BR,Apr-13,0
257,BR,May-13,0
258,BR,Jun-13,0
259,BR,Jul-13,0
260,BR,Aug-13,0
261,BR,Sep-13,0
262,BR,Oct-13,0
263,BR,Nov-13,0
264,BR,Dec-13,0
481,BR,Jan-14,0
482,BR,Feb-14,0
483,BR,Mar-14,0
484,BR,Apr-14,0
485,BR,May-14,0
486,BR,Jun-14,0
487,BR,Jul-14,0
488,BR,Aug-14,0
489,BR,Sep-14,0
490,BR,Oct-14,5
491,BR,Nov-14,0
492,BR,Dec-14,0
709,BR,Jan-15,0
710,BR,Feb-15,0
711,BR,Mar-15,0
712,BR,Apr-15,0
713,BR,May-15,0
714,BR,Jun-15,0
715,BR,Jul-15,5
716,BR,Aug-15,10
717,BR,Sep-15,12
718,BR,Oct-15,19
719,BR,Nov-15,6
720,BR,Dec-15,0
937,BR,Jan-16,0
938,BR,Feb-16,4
939,BR,Mar-16,0
940,BR,Apr-16,0
941,BR,May-16,0
942,BR,Jun-16,0
943,BR,Jul-16,10
944,BR,Aug-16,18
945,BR,Sep-16,16
946,BR,Oct-16,12
947,BR,Nov-16,10
948,BR,Dec-16,2
1165,BR,Jan-17,2
1166,BR,Feb-17,0
1167,BR,Mar-17,0
1168,BR,Apr-17,0
1169,BR,May-17,0
1170,BR,Jun-17,0
1171,BR,Jul-17,0
1172,BR,Aug-17,20
1173,BR,Sep-17,32
1174,BR,Oct-17,37
1175,BR,Nov-17,24
1176,BR,Dec-17,10
1393,BR,Jan-18,2
1394,BR,Feb-18,0
1395,BR,Mar-18,0
1396,BR,Apr-18,0
1397,BR,May-18,0
1398,BR,Jun-18,0
1399,BR,Jul-18,3
1400,BR,Aug-18,3
1401,BR,Sep-18,27
1402,BR,Oct-18,12
1403,BR,Nov-18,0
1404,BR,Dec-18,0
1621,BR,Jan-19,9
1622,BR,Feb-19,2
1623,BR,Mar-19,3
1624,BR,Apr-19,0
1625,BR,May-19,0
1626,BR,Jun-19,0
1627,BR,Jul-19,0
1628,BR,Aug-19,0
1629,BR,Sep-19,22
1630,BR,Oct-19,7
1631,BR,Nov-19,4
1632,BR,Dec-19,6
1849,BR,Jan-20,0
1850,BR,Feb-20,1
1851,BR,Mar-20,8
1852,BR,Apr-20,17
1853,BR,May-20,4
1854,BR,Jun-20,0
1855,BR,Jul-20,0
1856,BR,Aug-20,10
1857,BR,Sep-20,46
1858,BR,Oct-20,46
1859,BR,Nov-20,11
1860,BR,Dec-20,9
2077,BR,Jan-21,4
2078,BR,Feb-21,0
2079,BR,Mar-21,0
2080,BR,Apr-21,0
2081,BR,May-21,0
2082,BR,Jun-21,0
2083,BR,Jul-21,0
2084,BR,Aug-21,13
2085,BR,Sep-21,23
2086,BR,Oct-21,11
2087,BR,Nov-21,0
2088,BR,Dec-21,5
2305,BR,Jan-22,3
2306,BR,Feb-22,0
2307,BR,Mar-22,0
2308,BR,Apr-22,0
2309,BR,May-22,0
2310,BR,Jun-22,0
2311,BR,Jul-22,0
2312,BR,Aug-22,0
2313,BR,Sep-22,3
2314,BR,Oct-22,5
2315,BR,Nov-22,0
2316,BR,Dec-22,0
2533,BR,Jan-23,0
2534,BR,Feb-23,0
2535,BR,Mar-23,0
2536,BR,Apr-23,0
2537,BR,May-23,0
2538,BR,Jun-23,0
2539,BR,Jul-23,0
2540,BR,Aug-23,8
2541,BR,Sep-23,19
2542,BR,Oct-23,46
2543,BR,Nov-23,35
2544,BR,Dec-23,2
37,CA,Jan-12,0
38,CA,Feb-12,0
39,CA,Mar-12,0
40,CA,Apr-12,0
41,CA,May-12,0
42,CA,Jun-12,0
43,CA,Jul-12,0
44,CA,Aug-12,0
45,CA,Sep-12,0
46,CA,Oct-12,0
47,CA,Nov-12,0
48,CA,Dec-12,0
265,CA,Jan-13,0
266,CA,Feb-13,0
267,CA,Mar-13,0
268,CA,Apr-13,0
269,CA,May-13,0
270,CA,Jun-13,0
271,CA,Jul-13,0
272,CA,Aug-13,0
273,CA,Sep-13,0
274,CA,Oct-13,0
275,CA,Nov-13,0
276,CA,Dec-13,0
493,CA,Jan-14,0
494,CA,Feb-14,0
495,CA,Mar-14,0
496,CA,Apr-14,0
497,CA,May-14,0
498,CA,Jun-14,0
499,CA,Jul-14,0
500,CA,Aug-14,0
501,CA,Sep-14,0
502,CA,Oct-14,0
503,CA,Nov-14,0
504,CA,Dec-14,0
721,CA,Jan-15,0
722,CA,Feb-15,0
723,CA,Mar-15,0
724,CA,Apr-15,0
725,CA,May-15,0
726,CA,Jun-15,0
727,CA,Jul-15,0
728,CA,Aug-15,0
729,CA,Sep-15,0
730,CA,Oct-15,0
731,CA,Nov-15,0
732,CA,Dec-15,0
949,CA,Jan-16,0
950,CA,Feb-16,0
951,CA,Mar-16,0
952,CA,Apr-16,0
953,CA,May-16,0
954,CA,Jun-16,0
955,CA,Jul-16,0
956,CA,Aug-16,0
957,CA,Sep-16,0
958,CA,Oct-16,0
959,CA,Nov-16,0
960,CA,Dec-16,0
1177,CA,Jan-17,0
1178,CA,Feb-17,0
1179,CA,Mar-17,0
1180,CA,Apr-17,0
1181,CA,May-17,0
1182,CA,Jun-17,0
1183,CA,Jul-17,0
1184,CA,Aug-17,0
1185,CA,Sep-17,0
1186,CA,Oct-17,0
1187,CA,Nov-17,0
1188,CA,Dec-17,0
1405,CA,Jan-18,0
1406,CA,Feb-18,0
1407,CA,Mar-18,0
1408,CA,Apr-18,0
1409,CA,May-18,0
1410,CA,Jun-18,0
1411,CA,Jul-18,0
1412,CA,Aug-18,0
1413,CA,Sep-18,0
1414,CA,Oct-18,0
1415,CA,Nov-18,0
1416,CA,Dec-18,0
1633,CA,Jan-19,0
1634,CA,Feb-19,0
1635,CA,Mar-19,0
1636,CA,Apr-19,0
1637,CA,May-19,0
1638,CA,Jun-19,0
1639,CA,Jul-19,0
1640,CA,Aug-19,0
1641,CA,Sep-19,0
1642,CA,Oct-19,0
1643,CA,Nov-19,0
1644,CA,Dec-19,0
1861,CA,Jan-20,0
1862,CA,Feb-20,0
1863,CA,Mar-20,0
1864,CA,Apr-20,0
1865,CA,May-20,0
1866,CA,Jun-20,0
1867,CA,Jul-20,0
1868,CA,Aug-20,0
1869,CA,Sep-20,0
1870,CA,Oct-20,0
1871,CA,Nov-20,0
1872,CA,Dec-20,0
2089,CA,Jan-21,0
2090,CA,Feb-21,0
2091,CA,Mar-21,0
2092,CA,Apr-21,0
2093,CA,May-21,0
2094,CA,Jun-21,0
2095,CA,Jul-21,0
2096,CA,Aug-21,0
2097,CA,Sep-21,0
2098,CA,Oct-21,0
2099,CA,Nov-21,0
2100,CA,Dec-21,0
2317,CA,Jan-22,0
2318,CA,Feb-22,0
2319,CA,Mar-22,0
2320,CA,Apr-22,0
2321,CA,May-22,0
2322,CA,Jun-22,0
2323,CA,Jul-22,0
2324,CA,Aug-22,0
2325,CA,Sep-22,0
2326,CA,Oct-22,0
2327,CA,Nov-22,0
2328,CA,Dec-22,0
2545,CA,Jan-23,0
2546,CA,Feb-23,0
2547,CA,Mar-23,0
2548,CA,Apr-23,0
2549,CA,May-23,0
2550,CA,Jun-23,0
2551,CA,Jul-23,0
2552,CA,Aug-23,0
2553,CA,Sep-23,0
2554,CA,Oct-23,0
2555,CA,Nov-23,0
2556,CA,Dec-23,0
49,CH,Jan-12,0
50,CH,Feb-12,0
51,CH,Mar-12,0
52,CH,Apr-12,0
53,CH,May-12,0
54,CH,Jun-12,1
55,CH,Jul-12,2
56,CH,Aug-12,0
57,CH,Sep-12,0
58,CH,Oct-12,0
59,CH,Nov-12,0
60,CH,Dec-12,0
277,CH,Jan-13,0
278,CH,Feb-13,0
279,CH,Mar-13,0
280,CH,Apr-13,0
281,CH,May-13,0
282,CH,Jun-13,0
283,CH,Jul-13,1
284,CH,Aug-13,5
285,CH,Sep-13,0
286,CH,Oct-13,0
287,CH,Nov-13,0
288,CH,Dec-13,0
505,CH,Jan-14,0
506,CH,Feb-14,0
507,CH,Mar-14,0
508,CH,Apr-14,0
509,CH,May-14,0
510,CH,Jun-14,0
511,CH,Jul-14,1
512,CH,Aug-14,0
513,CH,Sep-14,0
514,CH,Oct-14,0
515,CH,Nov-14,0
516,CH,Dec-14,0
733,CH,Jan-15,0
734,CH,Feb-15,0
735,CH,Mar-15,0
736,CH,Apr-15,0
737,CH,May-15,0
738,CH,Jun-15,0
739,CH,Jul-15,18
740,CH,Aug-15,0
741,CH,Sep-15,0
742,CH,Oct-15,0
743,CH,Nov-15,0
744,CH,Dec-15,0
961,CH,Jan-16,0
962,CH,Feb-16,0
963,CH,Mar-16,0
964,CH,Apr-16,0
965,CH,May-16,0
966,CH,Jun-16,14
967,CH,Jul-16,17
968,CH,Aug-16,1
969,CH,Sep-16,0
970,CH,Oct-16,0
971,CH,Nov-16,0
972,CH,Dec-16,0
1189,CH,Jan-17,0
1190,CH,Feb-17,0
1191,CH,Mar-17,0
1192,CH,Apr-17,0
1193,CH,May-17,0
1194,CH,Jun-17,14
1195,CH,Jul-17,32
1196,CH,Aug-17,7
1197,CH,Sep-17,0
1198,CH,Oct-17,0
1199,CH,Nov-17,0
1200,CH,Dec-17,0
1417,CH,Jan-18,0
1418,CH,Feb-18,0
1419,CH,Mar-18,0
1420,CH,Apr-18,0
1421,CH,May-18,0
1422,CH,Jun-18,7
1423,CH,Jul-18,12
1424,CH,Aug-18,12
1425,CH,Sep-18,0
1426,CH,Oct-18,0
1427,CH,Nov-18,0
1428,CH,Dec-18,0
1645,CH,Jan-19,0
1646,CH,Feb-19,0
1647,CH,Mar-19,0
1648,CH,Apr-19,0
1649,CH,May-19,2
1650,CH,Jun-19,1
1651,CH,Jul-19,14
1652,CH,Aug-19,15
1653,CH,Sep-19,0
1654,CH,Oct-19,0
1655,CH,Nov-19,0
1656,CH,Dec-19,0
1873,CH,Jan-20,0
1874,CH,Feb-20,0
1875,CH,Mar-20,0
1876,CH,Apr-20,0
1877,CH,May-20,0
1878,CH,Jun-20,1
1879,CH,Jul-20,8
1880,CH,Aug-20,9
1881,CH,Sep-20,0
1882,CH,Oct-20,0
1883,CH,Nov-20,0
1884,CH,Dec-20,0
2101,CH,Jan-21,0
2102,CH,Feb-21,0
2103,CH,Mar-21,0
2104,CH,Apr-21,0
2105,CH,May-21,0
2106,CH,Jun-21,0
2107,CH,Jul-21,18
2108,CH,Aug-21,3
2109,CH,Sep-21,0
2110,CH,Oct-21,0
2111,CH,Nov-21,0
2112,CH,Dec-21,0
2329,CH,Jan-22,0
2330,CH,Feb-22,0
2331,CH,Mar-22,0
2332,CH,Apr-22,0
2333,CH,May-22,4
2334,CH,Jun-22,14
2335,CH,Jul-22,16
2336,CH,Aug-22,101
2337,CH,Sep-22,0
2338,CH,Oct-22,0
2339,CH,Nov-22,0
2340,CH,Dec-22,0
2557,CH,Jan-23,0
2558,CH,Feb-23,0
2559,CH,Mar-23,0
2560,CH,Apr-23,0
2561,CH,May-23,0
2562,CH,Jun-23,10
2563,CH,Jul-23,19
2564,CH,Aug-23,12
2565,CH,Sep-23,0
2566,CH,Oct-23,0
2567,CH,Nov-23,0
2568,CH,Dec-23,0
61,FR,Jan-12,0
62,FR,Feb-12,0
63,FR,Mar-12,0
64,FR,Apr-12,0
65,FR,May-12,0
66,FR,Jun-12,0
67,FR,Jul-12,0
68,FR,Aug-12,0
69,FR,Sep-12,0
70,FR,Oct-12,0
71,FR,Nov-12,0
72,FR,Dec-12,0
289,FR,Jan-13,0
290,FR,Feb-13,0
291,FR,Mar-13,0
292,FR,Apr-13,0
293,FR,May-13,0
294,FR,Jun-13,0
295,FR,Jul-13,0
296,FR,Aug-13,0
297,FR,Sep-13,0
298,FR,Oct-13,0
299,FR,Nov-13,0
300,FR,Dec-13,0
517,FR,Jan-14,0
518,FR,Feb-14,0
519,FR,Mar-14,0
520,FR,Apr-14,0
521,FR,May-14,0
522,FR,Jun-14,0
523,FR,Jul-14,0
524,FR,Aug-14,0
525,FR,Sep-14,0
526,FR,Oct-14,0
527,FR,Nov-14,0
528,FR,Dec-14,0
745,FR,Jan-15,0
746,FR,Feb-15,0
747,FR,Mar-15,0
748,FR,Apr-15,0
749,FR,May-15,0
750,FR,Jun-15,0
751,FR,Jul-15,0
752,FR,Aug-15,0
753,FR,Sep-15,0
754,FR,Oct-15,0
755,FR,Nov-15,0
756,FR,Dec-15,0
973,FR,Jan-16,0
974,FR,Feb-16,0
975,FR,Mar-16,0
976,FR,Apr-16,0
977,FR,May-16,0
978,FR,Jun-16,0
979,FR,Jul-16,0
980,FR,Aug-16,0
981,FR,Sep-16,0
982,FR,Oct-16,0
983,FR,Nov-16,0
984,FR,Dec-16,0
1201,FR,Jan-17,0
1202,FR,Feb-17,0
1203,FR,Mar-17,0
1204,FR,Apr-17,0
1205,FR,May-17,0
1206,FR,Jun-17,0
1207,FR,Jul-17,0
1208,FR,Aug-17,0
1209,FR,Sep-17,0
1210,FR,Oct-17,0
1211,FR,Nov-17,0
1212,FR,Dec-17,0
1429,FR,Jan-18,0
1430,FR,Feb-18,0
1431,FR,Mar-18,0
1432,FR,Apr-18,0
1433,FR,May-18,0
1434,FR,Jun-18,0
1435,FR,Jul-18,0
1436,FR,Aug-18,0
1437,FR,Sep-18,0
1438,FR,Oct-18,0
1439,FR,Nov-18,0
1440,FR,Dec-18,0
1657,FR,Jan-19,0
1658,FR,Feb-19,0
1659,FR,Mar-19,0
1660,FR,Apr-19,0
1661,FR,May-19,0
1662,FR,Jun-19,0
1663,FR,Jul-19,0
1664,FR,Aug-19,0
1665,FR,Sep-19,0
1666,FR,Oct-19,0
1667,FR,Nov-19,0
1668,FR,Dec-19,0
1885,FR,Jan-20,0
1886,FR,Feb-20,0
1887,FR,Mar-20,0
1888,FR,Apr-20,0
1889,FR,May-20,0
1890,FR,Jun-20,0
1891,FR,Jul-20,0
1892,FR,Aug-20,0
1893,FR,Sep-20,0
1894,FR,Oct-20,0
1895,FR,Nov-20,0
1896,FR,Dec-20,0
2113,FR,Jan-21,0
2114,FR,Feb-21,0
2115,FR,Mar-21,0
2116,FR,Apr-21,0
2117,FR,May-21,0
2118,FR,Jun-21,0
2119,FR,Jul-21,0
2120,FR,Aug-21,0
2121,FR,Sep-21,0
2122,FR,Oct-21,0
2123,FR,Nov-21,0
2124,FR,Dec-21,0
2341,FR,Jan-22,0
2342,FR,Feb-22,0
2343,FR,Mar-22,0
2344,FR,Apr-22,0
2345,FR,May-22,0
2346,FR,Jun-22,0
2347,FR,Jul-22,0
2348,FR,Aug-22,0
2349,FR,Sep-22,0
2350,FR,Oct-22,0
2351,FR,Nov-22,0
2352,FR,Dec-22,0
2569,FR,Jan-23,0
2570,FR,Feb-23,0
2571,FR,Mar-23,0
2572,FR,Apr-23,0
2573,FR,May-23,0
2574,FR,Jun-23,0
2575,FR,Jul-23,0
2576,FR,Aug-23,0
2577,FR,Sep-23,0
2578,FR,Oct-23,0
2579,FR,Nov-23,0
2580,FR,Dec-23,0
73,GB,Jan-12,0
74,GB,Feb-12,0
75,GB,Mar-12,0
76,GB,Apr-12,0
77,GB,May-12,0
78,GB,Jun-12,0
79,GB,Jul-12,0
80,GB,Aug-12,0
81,GB,Sep-12,0
82,GB,Oct-12,0
83,GB,Nov-12,0
84,GB,Dec-12,0
301,GB,Jan-13,0
302,GB,Feb-13,0
303,GB,Mar-13,0
304,GB,Apr-13,0
305,GB,May-13,0
306,GB,Jun-13,0
307,GB,Jul-13,0
308,GB,Aug-13,0
309,GB,Sep-13,0
310,GB,Oct-13,0
311,GB,Nov-13,0
312,GB,Dec-13,0
529,GB,Jan-14,0
530,GB,Feb-14,0
531,GB,Mar-14,0
532,GB,Apr-14,0
533,GB,May-14,0
534,GB,Jun-14,0
535,GB,Jul-14,0
536,GB,Aug-14,0
537,GB,Sep-14,0
538,GB,Oct-14,0
539,GB,Nov-14,0
540,GB,Dec-14,0
757,GB,Jan-15,0
758,GB,Feb-15,0
759,GB,Mar-15,0
760,GB,Apr-15,0
761,GB,May-15,0
762,GB,Jun-15,0
763,GB,Jul-15,0
764,GB,Aug-15,0
765,GB,Sep-15,0
766,GB,Oct-15,0
767,GB,Nov-15,0
768,GB,Dec-15,0
985,GB,Jan-16,0
986,GB,Feb-16,0
987,GB,Mar-16,0
988,GB,Apr-16,0
989,GB,May-16,0
990,GB,Jun-16,0
991,GB,Jul-16,0
992,GB,Aug-16,0
993,GB,Sep-16,0
994,GB,Oct-16,0
995,GB,Nov-16,0
996,GB,Dec-16,0
1213,GB,Jan-17,0
1214,GB,Feb-17,0
1215,GB,Mar-17,0
1216,GB,Apr-17,0
1217,GB,May-17,0
1218,GB,Jun-17,0
1219,GB,Jul-17,0
1220,GB,Aug-17,0
1221,GB,Sep-17,0
1222,GB,Oct-17,0
1223,GB,Nov-17,0
1224,GB,Dec-17,0
1441,GB,Jan-18,0
1442,GB,Feb-18,0
1443,GB,Mar-18,0
1444,GB,Apr-18,0
1445,GB,May-18,0
1446,GB,Jun-18,0
1447,GB,Jul-18,0
1448,GB,Aug-18,0
1449,GB,Sep-18,0
1450,GB,Oct-18,0
1451,GB,Nov-18,0
1452,GB,Dec-18,0
1669,GB,Jan-19,0
1670,GB,Feb-19,0
1671,GB,Mar-19,0
1672,GB,Apr-19,0
1673,GB,May-19,0
1674,GB,Jun-19,0
1675,GB,Jul-19,0
1676,GB,Aug-19,0
1677,GB,Sep-19,0
1678,GB,Oct-19,0
1679,GB,Nov-19,0
1680,GB,Dec-19,0
1897,GB,Jan-20,0
1898,GB,Feb-20,0
1899,GB,Mar-20,0
1900,GB,Apr-20,0
1901,GB,May-20,0
1902,GB,Jun-20,0
1903,GB,Jul-20,0
1904,GB,Aug-20,0
1905,GB,Sep-20,0
1906,GB,Oct-20,0
1907,GB,Nov-20,0
1908,GB,Dec-20,0
2125,GB,Jan-21,0
2126,GB,Feb-21,0
2127,GB,Mar-21,0
2128,GB,Apr-21,0
2129,GB,May-21,0
2130,GB,Jun-21,0
2131,GB,Jul-21,0
2132,GB,Aug-21,0
2133,GB,Sep-21,0
2134,GB,Oct-21,0
2135,GB,Nov-21,0
2136,GB,Dec-21,0
2353,GB,Jan-22,0
2354,GB,Feb-22,0
2355,GB,Mar-22,0
2356,GB,Apr-22,0
2357,GB,May-22,0
2358,GB,Jun-22,0
2359,GB,Jul-22,0
2360,GB,Aug-22,0
2361,GB,Sep-22,0
2362,GB,Oct-22,0
2363,GB,Nov-22,0
2364,GB,Dec-22,0
2581,GB,Jan-23,0
2582,GB,Feb-23,0
2583,GB,Mar-23,0
2584,GB,Apr-23,0
2585,GB,May-23,0
2586,GB,Jun-23,0
2587,GB,Jul-23,0
2588,GB,Aug-23,0
2589,GB,Sep-23,0
2590,GB,Oct-23,0
2591,GB,Nov-23,0
2592,GB,Dec-23,0
85,GM,Jan-12,0
86,GM,Feb-12,0
87,GM,Mar-12,0
88,GM,Apr-12,0
89,GM,May-12,0
90,GM,Jun-12,0
91,GM,Jul-12,0
92,GM,Aug-12,0
93,GM,Sep-12,0
94,GM,Oct-12,0
95,GM,Nov-12,0
96,GM,Dec-12,0
313,GM,Jan-13,0
314,GM,Feb-13,0
315,GM,Mar-13,0
316,GM,Apr-13,0
317,GM,May-13,0
318,GM,Jun-13,0
319,GM,Jul-13,0
320,GM,Aug-13,0
321,GM,Sep-13,0
322,GM,Oct-13,0
323,GM,Nov-13,0
324,GM,Dec-13,0
541,GM,Jan-14,0
542,GM,Feb-14,0
543,GM,Mar-14,0
544,GM,Apr-14,0
545,GM,May-14,0
546,GM,Jun-14,0
547,GM,Jul-14,0
548,GM,Aug-14,0
549,GM,Sep-14,0
550,GM,Oct-14,0
551,GM,Nov-14,0
552,GM,Dec-14,0
769,GM,Jan-15,0
770,GM,Feb-15,0
771,GM,Mar-15,0
772,GM,Apr-15,0
773,GM,May-15,0
774,GM,Jun-15,0
775,GM,Jul-15,0
776,GM,Aug-15,0
777,GM,Sep-15,0
778,GM,Oct-15,0
779,GM,Nov-15,0
780,GM,Dec-15,0
997,GM,Jan-16,0
998,GM,Feb-16,0
999,GM,Mar-16,0
1000,GM,Apr-16,0
1001,GM,May-16,0
1002,GM,Jun-16,0
1003,GM,Jul-16,0
1004,GM,Aug-16,0
1005,GM,Sep-16,0
1006,GM,Oct-16,0
1007,GM,Nov-16,0
1008,GM,Dec-16,0
1225,GM,Jan-17,0
1226,GM,Feb-17,0
1227,GM,Mar-17,0
1228,GM,Apr-17,0
1229,GM,May-17,0
1230,GM,Jun-17,0
1231,GM,Jul-17,0
1232,GM,Aug-17,0
1233,GM,Sep-17,0
1234,GM,Oct-17,0
1235,GM,Nov-17,0
1236,GM,Dec-17,0
1453,GM,Jan-18,0
1454,GM,Feb-18,0
1455,GM,Mar-18,0
1456,GM,Apr-18,0
1457,GM,May-18,0
1458,GM,Jun-18,0
1459,GM,Jul-18,0
1460,GM,Aug-18,0
1461,GM,Sep-18,0
1462,GM,Oct-18,0
1463,GM,Nov-18,0
1464,GM,Dec-18,0
1681,GM,Jan-19,0
1682,GM,Feb-19,0
1683,GM,Mar-19,0
1684,GM,Apr-19,0
1685,GM,May-19,0
1686,GM,Jun-19,0
1687,GM,Jul-19,0
1688,GM,Aug-19,0
1689,GM,Sep-19,0
1690,GM,Oct-19,0
1691,GM,Nov-19,0
1692,GM,Dec-19,0
1909,GM,Jan-20,0
1910,GM,Feb-20,0
1911,GM,Mar-20,0
1912,GM,Apr-20,0
1913,GM,May-20,0
1914,GM,Jun-20,0
1915,GM,Jul-20,0
1916,GM,Aug-20,0
1917,GM,Sep-20,0
1918,GM,Oct-20,0
1919,GM,Nov-20,0
1920,GM,Dec-20,0
2137,GM,Jan-21,0
2138,GM,Feb-21,0
2139,GM,Mar-21,0
2140,GM,Apr-21,0
2141,GM,May-21,0
2142,GM,Jun-21,0
2143,GM,Jul-21,0
2144,GM,Aug-21,0
2145,GM,Sep-21,0
2146,GM,Oct-21,0
2147,GM,Nov-21,0
2148,GM,Dec-21,0
2365,GM,Jan-22,0
2366,GM,Feb-22,0
2367,GM,Mar-22,0
2368,GM,Apr-22,0
2369,GM,May-22,0
2370,GM,Jun-22,0
2371,GM,Jul-22,0
2372,GM,Aug-22,0
2373,GM,Sep-22,0
2374,GM,Oct-22,0
2375,GM,Nov-22,0
2376,GM,Dec-22,0
2593,GM,Jan-23,0
2594,GM,Feb-23,0
2595,GM,Mar-23,0
2596,GM,Apr-23,0
2597,GM,May-23,0
2598,GM,Jun-23,0
2599,GM,Jul-23,0
2600,GM,Aug-23,0
2601,GM,Sep-23,0
2602,GM,Oct-23,0
2603,GM,Nov-23,0
2604,GM,Dec-23,0
97,ID,Jan-12,0
98,ID,Feb-12,0
99,ID,Mar-12,0
100,ID,Apr-12,0
101,ID,May-12,0
102,ID,Jun-12,0
103,ID,Jul-12,0
104,ID,Aug-12,0
105,ID,Sep-12,0
106,ID,Oct-12,0
107,ID,Nov-12,0
108,ID,Dec-12,0
325,ID,Jan-13,0
326,ID,Feb-13,0
327,ID,Mar-13,0
328,ID,Apr-13,0
329,ID,May-13,0
330,ID,Jun-13,0
331,ID,Jul-13,0
332,ID,Aug-13,0
333,ID,Sep-13,0
334,ID,Oct-13,0
335,ID,Nov-13,0
336,ID,Dec-13,0
553,ID,Jan-14,0
554,ID,Feb-14,0
555,ID,Mar-14,0
556,ID,Apr-14,0
557,ID,May-14,0
558,ID,Jun-14,0
559,ID,Jul-14,0
560,ID,Aug-14,0
561,ID,Sep-14,0
562,ID,Oct-14,0
563,ID,Nov-14,0
564,ID,Dec-14,0
781,ID,Jan-15,0
782,ID,Feb-15,0
783,ID,Mar-15,0
784,ID,Apr-15,0
785,ID,May-15,0
786,ID,Jun-15,0
787,ID,Jul-15,0
788,ID,Aug-15,0
789,ID,Sep-15,0
790,ID,Oct-15,0
791,ID,Nov-15,0
792,ID,Dec-15,0
1009,ID,Jan-16,0
1010,ID,Feb-16,0
1011,ID,Mar-16,0
1012,ID,Apr-16,0
1013,ID,May-16,0
1014,ID,Jun-16,0
1015,ID,Jul-16,0
1016,ID,Aug-16,0
1017,ID,Sep-16,0
1018,ID,Oct-16,0
1019,ID,Nov-16,0
1020,ID,Dec-16,0
1237,ID,Jan-17,0
1238,ID,Feb-17,0
1239,ID,Mar-17,0
1240,ID,Apr-17,0
1241,ID,May-17,0
1242,ID,Jun-17,0
1243,ID,Jul-17,0
1244,ID,Aug-17,0
1245,ID,Sep-17,0
1246,ID,Oct-17,0
1247,ID,Nov-17,0
1248,ID,Dec-17,0
1465,ID,Jan-18,0
1466,ID,Feb-18,0
1467,ID,Mar-18,0
1468,ID,Apr-18,0
1469,ID,May-18,0
1470,ID,Jun-18,0
1471,ID,Jul-18,0
1472,ID,Aug-18,0
1473,ID,Sep-18,0
1474,ID,Oct-18,0
1475,ID,Nov-18,0
1476,ID,Dec-18,0
1693,ID,Jan-19,0
1694,ID,Feb-19,0
1695,ID,Mar-19,0
1696,ID,Apr-19,0
1697,ID,May-19,0
1698,ID,Jun-19,0
1699,ID,Jul-19,0
1700,ID,Aug-19,0
1701,ID,Sep-19,0
1702,ID,Oct-19,0
1703,ID,Nov-19,0
1704,ID,Dec-19,0
1921,ID,Jan-20,0
1922,ID,Feb-20,0
1923,ID,Mar-20,0
1924,ID,Apr-20,0
1925,ID,May-20,0
1926,ID,Jun-20,0
1927,ID,Jul-20,0
1928,ID,Aug-20,0
1929,ID,Sep-20,0
1930,ID,Oct-20,0
1931,ID,Nov-20,0
1932,ID,Dec-20,0
2149,ID,Jan-21,0
2150,ID,Feb-21,0
2151,ID,Mar-21,0
2152,ID,Apr-21,0
2153,ID,May-21,0
2154,ID,Jun-21,0
2155,ID,Jul-21,0
2156,ID,Aug-21,0
2157,ID,Sep-21,0
2158,ID,Oct-21,0
2159,ID,Nov-21,0
2160,ID,Dec-21,0
2377,ID,Jan-22,0
2378,ID,Feb-22,0
2379,ID,Mar-22,0
2380,ID,Apr-22,0
2381,ID,May-22,0
2382,ID,Jun-22,0
2383,ID,Jul-22,0
2384,ID,Aug-22,0
2385,ID,Sep-22,0
2386,ID,Oct-22,0
2387,ID,Nov-22,0
2388,ID,Dec-22,0
2605,ID,Jan-23,0
2606,ID,Feb-23,0
2607,ID,Mar-23,0
2608,ID,Apr-23,0
2609,ID,May-23,0
2610,ID,Jun-23,0
2611,ID,Jul-23,0
2612,ID,Aug-23,0
2613,ID,Sep-23,0
2614,ID,Oct-23,0
2615,ID,Nov-23,0
2616,ID,Dec-23,0
109,IN,Jan-12,0
110,IN,Feb-12,0
111,IN,Mar-12,0
112,IN,Apr-12,0
113,IN,May-12,401
114,IN,Jun-12,391
115,IN,Jul-12,35
116,IN,Aug-12,0
117,IN,Sep-12,0
118,IN,Oct-12,0
119,IN,Nov-12,0
120,IN,Dec-12,0
337,IN,Jan-13,0
338,IN,Feb-13,0
339,IN,Mar-13,0
340,IN,Apr-13,0
341,IN,May-13,468
342,IN,Jun-13,87
343,IN,Jul-13,3
344,IN,Aug-13,0
345,IN,Sep-13,0
346,IN,Oct-13,0
347,IN,Nov-13,0
348,IN,Dec-13,0
565,IN,Jan-14,0
566,IN,Feb-14,0
567,IN,Mar-14,0
568,IN,Apr-14,4
569,IN,May-14,145
570,IN,Jun-14,376
571,IN,Jul-14,52
572,IN,Aug-14,0
573,IN,Sep-14,0
574,IN,Oct-14,0
575,IN,Nov-14,0
576,IN,Dec-14,0
793,IN,Jan-15,0
794,IN,Feb-15,0
795,IN,Mar-15,0
796,IN,Apr-15,0
797,IN,May-15,405
798,IN,Jun-15,135
799,IN,Jul-15,0
800,IN,Aug-15,0
801,IN,Sep-15,0
802,IN,Oct-15,0
803,IN,Nov-15,0
804,IN,Dec-15,0
1021,IN,Jan-16,0
1022,IN,Feb-16,0
1023,IN,Mar-16,12
1024,IN,Apr-16,126
1025,IN,May-16,671
1026,IN,Jun-16,409
1027,IN,Jul-16,3
1028,IN,Aug-16,0
1029,IN,Sep-16,0
1030,IN,Oct-16,0
1031,IN,Nov-16,0
1032,IN,Dec-16,0
1249,IN,Jan-17,0
1250,IN,Feb-17,0
1251,IN,Mar-17,4
1252,IN,Apr-17,65
1253,IN,May-17,823
1254,IN,Jun-17,229
1255,IN,Jul-17,0
1256,IN,Aug-17,0
1257,IN,Sep-17,0
1258,IN,Oct-17,0
1259,IN,Nov-17,0
1260,IN,Dec-17,0
1477,IN,Jan-18,0
1478,IN,Feb-18,0
1479,IN,Mar-18,9
1480,IN,Apr-18,54
1481,IN,May-18,913
1482,IN,Jun-18,427
1483,IN,Jul-18,24
1484,IN,Aug-18,0
1485,IN,Sep-18,0
1486,IN,Oct-18,0
1487,IN,Nov-18,0
1488,IN,Dec-18,0
1705,IN,Jan-19,0
1706,IN,Feb-19,0
1707,IN,Mar-19,12
1708,IN,Apr-19,117
1709,IN,May-19,931
1710,IN,Jun-19,753
1711,IN,Jul-19,19
1712,IN,Aug-19,0
1713,IN,Sep-19,0
1714,IN,Oct-19,0
1715,IN,Nov-19,0
1716,IN,Dec-19,0
1933,IN,Jan-20,0
1934,IN,Feb-20,0
1935,IN,Mar-20,0
1936,IN,Apr-20,11
1937,IN,May-20,627
1938,IN,Jun-20,121
1939,IN,Jul-20,7
1940,IN,Aug-20,2
1941,IN,Sep-20,0
1942,IN,Oct-20,0
1943,IN,Nov-20,0
1944,IN,Dec-20,0
2161,IN,Jan-21,0
2162,IN,Feb-21,0
2163,IN,Mar-21,0
2164,IN,Apr-21,14
2165,IN,May-21,178
2166,IN,Jun-21,58
2167,IN,Jul-21,31
2168,IN,Aug-21,0
2169,IN,Sep-21,0
2170,IN,Oct-21,0
2171,IN,Nov-21,0
2172,IN,Dec-21,0
2389,IN,Jan-22,0
2390,IN,Feb-22,0
2391,IN,Mar-22,2
2392,IN,Apr-22,14
2393,IN,May-22,715
2394,IN,Jun-22,522
2395,IN,Jul-22,14
2396,IN,Aug-22,0
2397,IN,Sep-22,0
2398,IN,Oct-22,0
2399,IN,Nov-22,0
2400,IN,Dec-22,0
2617,IN,Jan-23,0
2618,IN,Feb-23,0
2619,IN,Mar-23,0
2620,IN,Apr-23,10
2621,IN,May-23,409
2622,IN,Jun-23,543
2623,IN,Jul-23,0
2624,IN,Aug-23,0
2625,IN,Sep-23,1
2626,IN,Oct-23,0
2627,IN,Nov-23,0
2628,IN,Dec-23,0
121,IT,Jan-12,0
122,IT,Feb-12,0
123,IT,Mar-12,0
124,IT,Apr-12,0
125,IT,May-12,0
126,IT,Jun-12,1
127,IT,Jul-12,0
128,IT,Aug-12,0
129,IT,Sep-12,0
130,IT,Oct-12,0
131,IT,Nov-12,0
132,IT,Dec-12,0
349,IT,Jan-13,0
350,IT,Feb-13,0
351,IT,Mar-13,0
352,IT,Apr-13,0
353,IT,May-13,0
354,IT,Jun-13,0
355,IT,Jul-13,0
356,IT,Aug-13,2
357,IT,Sep-13,0
358,IT,Oct-13,0
359,IT,Nov-13,0
360,IT,Dec-13,0
577,IT,Jan-14,0
578,IT,Feb-14,0
579,IT,Mar-14,0
580,IT,Apr-14,0
581,IT,May-14,0
582,IT,Jun-14,0
583,IT,Jul-14,0
584,IT,Aug-14,0
585,IT,Sep-14,0
586,IT,Oct-14,0
587,IT,Nov-14,0
588,IT,Dec-14,0
805,IT,Jan-15,0
806,IT,Feb-15,0
807,IT,Mar-15,0
808,IT,Apr-15,0
809,IT,May-15,0
810,IT,Jun-15,0
811,IT,Jul-15,10
812,IT,Aug-15,0
813,IT,Sep-15,0
814,IT,Oct-15,0
815,IT,Nov-15,0
816,IT,Dec-15,0
1033,IT,Jan-16,0
1034,IT,Feb-16,0
1035,IT,Mar-16,0
1036,IT,Apr-16,0
1037,IT,May-16,0
1038,IT,Jun-16,0
1039,IT,Jul-16,0
1040,IT,Aug-16,0
1041,IT,Sep-16,0
1042,IT,Oct-16,0
1043,IT,Nov-16,0
1044,IT,Dec-16,0
1261,IT,Jan-17,0
1262,IT,Feb-17,0
1263,IT,Mar-17,0
1264,IT,Apr-17,0
1265,IT,May-17,0
1266,IT,Jun-17,0
1267,IT,Jul-17,5
1268,IT,Aug-17,22
1269,IT,Sep-17,0
1270,IT,Oct-17,0
1271,IT,Nov-17,0
1272,IT,Dec-17,0
1489,IT,Jan-18,0
1490,IT,Feb-18,0
1491,IT,Mar-18,0
1492,IT,Apr-18,0
1493,IT,May-18,0
1494,IT,Jun-18,0
1495,IT,Jul-18,0
1496,IT,Aug-18,0
1497,IT,Sep-18,0
1498,IT,Oct-18,0
1499,IT,Nov-18,0
1500,IT,Dec-18,0
1717,IT,Jan-19,0
1718,IT,Feb-19,0
1719,IT,Mar-19,0
1720,IT,Apr-19,0
1721,IT,May-19,0
1722,IT,Jun-19,0
1723,IT,Jul-19,0
1724,IT,Aug-19,0
1725,IT,Sep-19,0
1726,IT,Oct-19,0
1727,IT,Nov-19,0
1728,IT,Dec-19,0
1945,IT,Jan-20,0
1946,IT,Feb-20,0
1947,IT,Mar-20,0
1948,IT,Apr-20,0
1949,IT,May-20,0
1950,IT,Jun-20,0
1951,IT,Jul-20,0
1952,IT,Aug-20,0
1953,IT,Sep-20,0
1954,IT,Oct-20,0
1955,IT,Nov-20,0
1956,IT,Dec-20,0
2173,IT,Jan-21,0
2174,IT,Feb-21,0
2175,IT,Mar-21,0
2176,IT,Apr-21,0
2177,IT,May-21,0
2178,IT,Jun-21,3
2179,IT,Jul-21,6
2180,IT,Aug-21,5
2181,IT,Sep-21,0
2182,IT,Oct-21,0
2183,IT,Nov-21,0
2184,IT,Dec-21,0
2401,IT,Jan-22,0
2402,IT,Feb-22,0
2403,IT,Mar-22,0
2404,IT,Apr-22,0
2405,IT,May-22,0
2406,IT,Jun-22,0
2407,IT,Jul-22,3
2408,IT,Aug-22,0
2409,IT,Sep-22,0
2410,IT,Oct-22,0
2411,IT,Nov-22,0
2412,IT,Dec-22,0
2629,IT,Jan-23,0
2630,IT,Feb-23,0
2631,IT,Mar-23,0
2632,IT,Apr-23,0
2633,IT,May-23,0
2634,IT,Jun-23,0
2635,IT,Jul-23,34
2636,IT,Aug-23,0
2637,IT,Sep-23,0
2638,IT,Oct-23,0
2639,IT,Nov-23,0
2640,IT,Dec-23,0
133,JA,Jan-12,0
134,JA,Feb-12,0
135,JA,Mar-12,0
136,JA,Apr-12,0
137,JA,May-12,0
138,JA,Jun-12,0
139,JA,Jul-12,0
140,JA,Aug-12,0
141,JA,Sep-12,0
142,JA,Oct-12,0
143,JA,Nov-12,0
144,JA,Dec-12,0
361,JA,Jan-13,0
362,JA,Feb-13,0
363,JA,Mar-13,0
364,JA,Apr-13,0
365,JA,May-13,0
366,JA,Jun-13,0
367,JA,Jul-13,0
368,JA,Aug-13,0
369,JA,Sep-13,0
370,JA,Oct-13,0
371,JA,Nov-13,0
372,JA,Dec-13,0
589,JA,Jan-14,0
590,JA,Feb-14,0
591,JA,Mar-14,0
592,JA,Apr-14,0
593,JA,May-14,0
594,JA,Jun-14,0
595,JA,Jul-14,0
596,JA,Aug-14,0
597,JA,Sep-14,0
598,JA,Oct-14,0
599,JA,Nov-14,0
600,JA,Dec-14,0
817,JA,Jan-15,0
818,JA,Feb-15,0
819,JA,Mar-15,0
820,JA,Apr-15,0
821,JA,May-15,0
822,JA,Jun-15,0
823,JA,Jul-15,0
824,JA,Aug-15,0
825,JA,Sep-15,0
826,JA,Oct-15,0
827,JA,Nov-15,0
828,JA,Dec-15,0
1045,JA,Jan-16,0
1046,JA,Feb-16,0
1047,JA,Mar-16,0
1048,JA,Apr-16,0
1049,JA,May-16,0
1050,JA,Jun-16,0
1051,JA,Jul-16,0
1052,JA,Aug-16,0
1053,JA,Sep-16,0
1054,JA,Oct-16,0
1055,JA,Nov-16,0
1056,JA,Dec-16,0
1273,JA,Jan-17,0
1274,JA,Feb-17,0
1275,JA,Mar-17,0
1276,JA,Apr-17,0
1277,JA,May-17,0
1278,JA,Jun-17,0
1279,JA,Jul-17,0
1280,JA,Aug-17,0
1281,JA,Sep-17,0
1282,JA,Oct-17,0
1283,JA,Nov-17,0
1284,JA,Dec-17,0
1501,JA,Jan-18,0
1502,JA,Feb-18,0
1503,JA,Mar-18,0
1504,JA,Apr-18,0
1505,JA,May-18,0
1506,JA,Jun-18,0
1507,JA,Jul-18,0
1508,JA,Aug-18,0
1509,JA,Sep-18,0
1510,JA,Oct-18,0
1511,JA,Nov-18,0
1512,JA,Dec-18,0
1729,JA,Jan-19,0
1730,JA,Feb-19,0
1731,JA,Mar-19,0
1732,JA,Apr-19,0
1733,JA,May-19,0
1734,JA,Jun-19,0
1735,JA,Jul-19,0
1736,JA,Aug-19,0
1737,JA,Sep-19,0
1738,JA,Oct-19,0
1739,JA,Nov-19,0
1740,JA,Dec-19,0
1957,JA,Jan-20,0
1958,JA,Feb-20,0
1959,JA,Mar-20,0
1960,JA,Apr-20,0
1961,JA,May-20,0
1962,JA,Jun-20,0
1963,JA,Jul-20,0
1964,JA,Aug-20,0
1965,JA,Sep-20,0
1966,JA,Oct-20,0
1967,JA,Nov-20,0
1968,JA,Dec-20,0
2185,JA,Jan-21,0
2186,JA,Feb-21,0
2187,JA,Mar-21,0
2188,JA,Apr-21,0
2189,JA,May-21,0
2190,JA,Jun-21,0
2191,JA,Jul-21,0
2192,JA,Aug-21,0
2193,JA,Sep-21,0
2194,JA,Oct-21,0
2195,JA,Nov-21,0
2196,JA,Dec-21,0
2413,JA,Jan-22,0
2414,JA,Feb-22,0
2415,JA,Mar-22,0
2416,JA,Apr-22,0
2417,JA,May-22,0
2418,JA,Jun-22,0
2419,JA,Jul-22,0
2420,JA,Aug-22,0
2421,JA,Sep-22,0
2422,JA,Oct-22,0
2423,JA,Nov-22,0
2424,JA,Dec-22,0
2641,JA,Jan-23,0
2642,JA,Feb-23,0
2643,JA,Mar-23,0
2644,JA,Apr-23,0
2645,JA,May-23,0
2646,JA,Jun-23,0
2647,JA,Jul-23,0
2648,JA,Aug-23,0
2649,JA,Sep-23,0
2650,JA,Oct-23,0
2651,JA,Nov-23,0
2652,JA,Dec-23,0
145,KR,Jan-12,0
146,KR,Feb-12,0
147,KR,Mar-12,0
148,KR,Apr-12,0
149,KR,May-12,0
150,KR,Jun-12,0
151,KR,Jul-12,0
152,KR,Aug-12,0
153,KR,Sep-12,0
154,KR,Oct-12,0
155,KR,Nov-12,0
156,KR,Dec-12,0
373,KR,Jan-13,0
374,KR,Feb-13,0
375,KR,Mar-13,0
376,KR,Apr-13,0
377,KR,May-13,0
378,KR,Jun-13,0
379,KR,Jul-13,0
380,KR,Aug-13,0
381,KR,Sep-13,0
382,KR,Oct-13,0
383,KR,Nov-13,0
384,KR,Dec-13,0
601,KR,Jan-14,0
602,KR,Feb-14,0
603,KR,Mar-14,0
604,KR,Apr-14,0
605,KR,May-14,0
606,KR,Jun-14,0
607,KR,Jul-14,0
608,KR,Aug-14,0
609,KR,Sep-14,0
610,KR,Oct-14,0
611,KR,Nov-14,0
612,KR,Dec-14,0
829,KR,Jan-15,0
830,KR,Feb-15,0
831,KR,Mar-15,0
832,KR,Apr-15,0
833,KR,May-15,0
834,KR,Jun-15,0
835,KR,Jul-15,0
836,KR,Aug-15,0
837,KR,Sep-15,0
838,KR,Oct-15,0
839,KR,Nov-15,0
840,KR,Dec-15,0
1057,KR,Jan-16,0
1058,KR,Feb-16,0
1059,KR,Mar-16,0
1060,KR,Apr-16,0
1061,KR,May-16,0
1062,KR,Jun-16,0
1063,KR,Jul-16,0
1064,KR,Aug-16,0
1065,KR,Sep-16,0
1066,KR,Oct-16,0
1067,KR,Nov-16,0
1068,KR,Dec-16,0
1285,KR,Jan-17,0
1286,KR,Feb-17,0
1287,KR,Mar-17,0
1288,KR,Apr-17,0
1289,KR,May-17,0
1290,KR,Jun-17,0
1291,KR,Jul-17,0
1292,KR,Aug-17,0
1293,KR,Sep-17,0
1294,KR,Oct-17,0
1295,KR,Nov-17,0
1296,KR,Dec-17,0
1513,KR,Jan-18,0
1514,KR,Feb-18,0
1515,KR,Mar-18,0
1516,KR,Apr-18,0
1517,KR,May-18,0
1518,KR,Jun-18,0
1519,KR,Jul-18,0
1520,KR,Aug-18,0
1521,KR,Sep-18,0
1522,KR,Oct-18,0
1523,KR,Nov-18,0
1524,KR,Dec-18,0
1741,KR,Jan-19,0
1742,KR,Feb-19,0
1743,KR,Mar-19,0
1744,KR,Apr-19,0
1745,KR,May-19,0
1746,KR,Jun-19,0
1747,KR,Jul-19,0
1748,KR,Aug-19,0
1749,KR,Sep-19,0
1750,KR,Oct-19,0
1751,KR,Nov-19,0
1752,KR,Dec-19,0
1969,KR,Jan-20,0
1970,KR,Feb-20,0
1971,KR,Mar-20,0
1972,KR,Apr-20,0
1973,KR,May-20,0
1974,KR,Jun-20,0
1975,KR,Jul-20,0
1976,KR,Aug-20,0
1977,KR,Sep-20,0
1978,KR,Oct-20,0
1979,KR,Nov-20,0
1980,KR,Dec-20,0
2197,KR,Jan-21,0
2198,KR,Feb-21,0
2199,KR,Mar-21,0
2200,KR,Apr-21,0
2201,KR,May-21,0
2202,KR,Jun-21,0
2203,KR,Jul-21,0
2204,KR,Aug-21,0
2205,KR,Sep-21,0
2206,KR,Oct-21,0
2207,KR,Nov-21,0
2208,KR,Dec-21,0
2425,KR,Jan-22,0
2426,KR,Feb-22,0
2427,KR,Mar-22,0
2428,KR,Apr-22,0
2429,KR,May-22,0
2430,KR,Jun-22,0
2431,KR,Jul-22,0
2432,KR,Aug-22,0
2433,KR,Sep-22,0
2434,KR,Oct-22,0
2435,KR,Nov-22,0
2436,KR,Dec-22,0
2653,KR,Jan-23,0
2654,KR,Feb-23,0
2655,KR,Mar-23,0
2656,KR,Apr-23,0
2657,KR,May-23,0
2658,KR,Jun-23,0
2659,KR,Jul-23,0
2660,KR,Aug-23,0
2661,KR,Sep-23,0
2662,KR,Oct-23,0
2663,KR,Nov-23,0
2664,KR,Dec-23,0
157,MX,Jan-12,0
158,MX,Feb-12,0
159,MX,Mar-12,0
160,MX,Apr-12,0
161,MX,May-12,0
162,MX,Jun-12,13
163,MX,Jul-12,17
164,MX,Aug-12,21
165,MX,Sep-12,1
166,MX,Oct-12,0
167,MX,Nov-12,0
168,MX,Dec-12,0
385,MX,Jan-13,0
386,MX,Feb-13,0
387,MX,Mar-13,0
388,MX,Apr-13,0
389,MX,May-13,0
390,MX,Jun-13,1
391,MX,Jul-13,7
392,MX,Aug-13,14
393,MX,Sep-13,5
394,MX,Oct-13,0
395,MX,Nov-13,0
396,MX,Dec-13,0
613,MX,Jan-14,0
614,MX,Feb-14,0
615,MX,Mar-14,0
616,MX,Apr-14,0
617,MX,May-14,0
618,MX,Jun-14,43
619,MX,Jul-14,44
620,MX,Aug-14,13
621,MX,Sep-14,8
622,MX,Oct-14,0
623,MX,Nov-14,0
624,MX,Dec-14,0
841,MX,Jan-15,0
842,MX,Feb-15,0
843,MX,Mar-15,0
844,MX,Apr-15,0
845,MX,May-15,0
846,MX,Jun-15,16
847,MX,Jul-15,14
848,MX,Aug-15,40
849,MX,Sep-15,3
850,MX,Oct-15,0
851,MX,Nov-15,0
852,MX,Dec-15,0
1069,MX,Jan-16,0
1070,MX,Feb-16,0
1071,MX,Mar-16,0
1072,MX,Apr-16,0
1073,MX,May-16,0
1074,MX,Jun-16,13
1075,MX,Jul-16,44
1076,MX,Aug-16,14
1077,MX,Sep-16,0
1078,MX,Oct-16,0
1079,MX,Nov-16,0
1080,MX,Dec-16,0
1297,MX,Jan-17,0
1298,MX,Feb-17,0
1299,MX,Mar-17,0
1300,MX,Apr-17,0
1301,MX,May-17,0
1302,MX,Jun-17,24
1303,MX,Jul-17,21
1304,MX,Aug-17,26
1305,MX,Sep-17,0
1306,MX,Oct-17,0
1307,MX,Nov-17,0
1308,MX,Dec-17,0
1525,MX,Jan-18,0
1526,MX,Feb-18,0
1527,MX,Mar-18,0
1528,MX,Apr-18,0
1529,MX,May-18,0
1530,MX,Jun-18,1
1531,MX,Jul-18,63
1532,MX,Aug-18,17
1533,MX,Sep-18,0
1534,MX,Oct-18,0
1535,MX,Nov-18,0
1536,MX,Dec-18,0
1753,MX,Jan-19,0
1754,MX,Feb-19,0
1755,MX,Mar-19,0
1756,MX,Apr-19,0
1757,MX,May-19,0
1758,MX,Jun-19,12
1759,MX,Jul-19,24
1760,MX,Aug-19,62
1761,MX,Sep-19,3
1762,MX,Oct-19,0
1763,MX,Nov-19,0
1764,MX,Dec-19,0
1981,MX,Jan-20,0
1982,MX,Feb-20,0
1983,MX,Mar-20,0
1984,MX,Apr-20,0
1985,MX,May-20,5
1986,MX,Jun-20,22
1987,MX,Jul-20,96
1988,MX,Aug-20,92
1989,MX,Sep-20,20
1990,MX,Oct-20,0
1991,MX,Nov-20,0
1992,MX,Dec-20,0
2209,MX,Jan-21,0
2210,MX,Feb-21,0
2211,MX,Mar-21,0
2212,MX,Apr-21,0
2213,MX,May-21,0
2214,MX,Jun-21,25
2215,MX,Jul-21,25
2216,MX,Aug-21,16
2217,MX,Sep-21,4
2218,MX,Oct-21,0
2219,MX,Nov-21,0
2220,MX,Dec-21,0
2437,MX,Jan-22,0
2438,MX,Feb-22,0
2439,MX,Mar-22,0
2440,MX,Apr-22,0
2441,MX,May-22,1
2442,MX,Jun-22,9
2443,MX,Jul-22,45
2444,MX,Aug-22,6
2445,MX,Sep-22,6
2446,MX,Oct-22,0
2447,MX,Nov-22,0
2448,MX,Dec-22,0
2665,MX,Jan-23,0
2666,MX,Feb-23,0
2667,MX,Mar-23,0
2668,MX,Apr-23,0
2669,MX,May-23,0
2670,MX,Jun-23,111
2671,MX,Jul-23,113
2672,MX,Aug-23,110
2673,MX,Sep-23,19
2674,MX,Oct-23,0
2675,MX,Nov-23,0
2676,MX,Dec-23,0
169,RS,Jan-12,0
170,RS,Feb-12,0
171,RS,Mar-12,0
172,RS,Apr-12,0
173,RS,May-12,0
174,RS,Jun-12,0
175,RS,Jul-12,0
176,RS,Aug-12,0
177,RS,Sep-12,0
178,RS,Oct-12,0
179,RS,Nov-12,0
180,RS,Dec-12,0
397,RS,Jan-13,0
398,RS,Feb-13,0
399,RS,Mar-13,0
400,RS,Apr-13,0
401,RS,May-13,0
402,RS,Jun-13,0
403,RS,Jul-13,0
404,RS,Aug-13,0
405,RS,Sep-13,0
406,RS,Oct-13,0
407,RS,Nov-13,0
408,RS,Dec-13,0
625,RS,Jan-14,0
626,RS,Feb-14,0
627,RS,Mar-14,0
628,RS,Apr-14,0
629,RS,May-14,0
630,RS,Jun-14,0
631,RS,Jul-14,0
632,RS,Aug-14,0
633,RS,Sep-14,0
634,RS,Oct-14,0
635,RS,Nov-14,0
636,RS,Dec-14,0
853,RS,Jan-15,0
854,RS,Feb-15,0
855,RS,Mar-15,0
856,RS,Apr-15,0
857,RS,May-15,0
858,RS,Jun-15,0
859,RS,Jul-15,0
860,RS,Aug-15,0
861,RS,Sep-15,0
862,RS,Oct-15,0
863,RS,Nov-15,0
864,RS,Dec-15,0
1081,RS,Jan-16,0
1082,RS,Feb-16,0
1083,RS,Mar-16,0
1084,RS,Apr-16,0
1085,RS,May-16,0
1086,RS,Jun-16,0
1087,RS,Jul-16,0
1088,RS,Aug-16,0
1089,RS,Sep-16,0
1090,RS,Oct-16,0
1091,RS,Nov-16,0
1092,RS,Dec-16,0
1309,RS,Jan-17,0
1310,RS,Feb-17,0
1311,RS,Mar-17,0
1312,RS,Apr-17,0
1313,RS,May-17,0
1314,RS,Jun-17,0
1315,RS,Jul-17,0
1316,RS,Aug-17,0
1317,RS,Sep-17,0
1318,RS,Oct-17,0
1319,RS,Nov-17,0
1320,RS,Dec-17,0
1537,RS,Jan-18,0
1538,RS,Feb-18,0
1539,RS,Mar-18,0
1540,RS,Apr-18,0
1541,RS,May-18,0
1542,RS,Jun-18,0
1543,RS,Jul-18,0
1544,RS,Aug-18,0
1545,RS,Sep-18,0
1546,RS,Oct-18,0
1547,RS,Nov-18,0
1548,RS,Dec-18,0
1765,RS,Jan-19,0
1766,RS,Feb-19,0
1767,RS,Mar-19,0
1768,RS,Apr-19,0
1769,RS,May-19,0
1770,RS,Jun-19,0
1771,RS,Jul-19,0
1772,RS,Aug-19,0
1773,RS,Sep-19,0
1774,RS,Oct-19,0
1775,RS,Nov-19,0
1776,RS,Dec-19,0
1993,RS,Jan-20,0
1994,RS,Feb-20,0
1995,RS,Mar-20,0
1996,RS,Apr-20,0
1997,RS,May-20,0
1998,RS,Jun-20,0
1999,RS,Jul-20,0
2000,RS,Aug-20,0
2001,RS,Sep-20,0
2002,RS,Oct-20,0
2003,RS,Nov-20,0
2004,RS,Dec-20,0
2221,RS,Jan-21,0
2222,RS,Feb-21,0
2223,RS,Mar-21,0
2224,RS,Apr-21,0
2225,RS,May-21,0
2226,RS,Jun-21,0
2227,RS,Jul-21,0
2228,RS,Aug-21,0
2229,RS,Sep-21,0
2230,RS,Oct-21,0
2231,RS,Nov-21,0
2232,RS,Dec-21,0
2449,RS,Jan-22,0
2450,RS,Feb-22,0
2451,RS,Mar-22,0
2452,RS,Apr-22,0
2453,RS,May-22,0
2454,RS,Jun-22,0
2455,RS,Jul-22,0
2456,RS,Aug-22,0
2457,RS,Sep-22,0
2458,RS,Oct-22,0
2459,RS,Nov-22,0
2460,RS,Dec-22,0
2677,RS,Jan-23,0
2678,RS,Feb-23,0
2679,RS,Mar-23,0
2680,RS,Apr-23,0
2681,RS,May-23,0
2682,RS,Jun-23,0
2683,RS,Jul-23,0
2684,RS,Aug-23,0
2685,RS,Sep-23,0
2686,RS,Oct-23,0
2687,RS,Nov-23,0
2688,RS,Dec-23,0
181,SA,Jan-12,0
182,SA,Feb-12,0
183,SA,Mar-12,0
184,SA,Apr-12,0
185,SA,May-12,126
186,SA,Jun-12,392
187,SA,Jul-12,499
188,SA,Aug-12,430
189,SA,Sep-12,126
190,SA,Oct-12,0
191,SA,Nov-12,0
192,SA,Dec-12,0
409,SA,Jan-13,0
410,SA,Feb-13,0
411,SA,Mar-13,0
412,SA,Apr-13,0
413,SA,May-13,42
414,SA,Jun-13,226
415,SA,Jul-13,437
416,SA,Aug-13,332
417,SA,Sep-13,136
418,SA,Oct-13,0
419,SA,Nov-13,0
420,SA,Dec-13,0
637,SA,Jan-14,0
638,SA,Feb-14,0
639,SA,Mar-14,0
640,SA,Apr-14,0
641,SA,May-14,115
642,SA,Jun-14,284
643,SA,Jul-14,392
644,SA,Aug-14,450
645,SA,Sep-14,211
646,SA,Oct-14,0
647,SA,Nov-14,0
648,SA,Dec-14,0
865,SA,Jan-15,0
866,SA,Feb-15,0
867,SA,Mar-15,0
868,SA,Apr-15,0
869,SA,May-15,152
870,SA,Jun-15,348
871,SA,Jul-15,467
872,SA,Aug-15,547
873,SA,Sep-15,295
874,SA,Oct-15,0
875,SA,Nov-15,0
876,SA,Dec-15,0
1093,SA,Jan-16,0
1094,SA,Feb-16,0
1095,SA,Mar-16,0
1096,SA,Apr-16,0
1097,SA,May-16,117
1098,SA,Jun-16,402
1099,SA,Jul-16,480
1100,SA,Aug-16,484
1101,SA,Sep-16,208
1102,SA,Oct-16,0
1103,SA,Nov-16,0
1104,SA,Dec-16,0
1321,SA,Jan-17,0
1322,SA,Feb-17,0
1323,SA,Mar-17,0
1324,SA,Apr-17,0
1325,SA,May-17,151
1326,SA,Jun-17,385
1327,SA,Jul-17,539
1328,SA,Aug-17,524
1329,SA,Sep-17,211
1330,SA,Oct-17,0
1331,SA,Nov-17,0
1332,SA,Dec-17,0
1549,SA,Jan-18,0
1550,SA,Feb-18,0
1551,SA,Mar-18,0
1552,SA,Apr-18,10
1553,SA,May-18,59
1554,SA,Jun-18,372
1555,SA,Jul-18,439
1556,SA,Aug-18,366
1557,SA,Sep-18,224
1558,SA,Oct-18,0
1559,SA,Nov-18,0
1560,SA,Dec-18,0
1777,SA,Jan-19,0
1778,SA,Feb-19,0
1779,SA,Mar-19,0
1780,SA,Apr-19,0
1781,SA,May-19,41
1782,SA,Jun-19,402
1783,SA,Jul-19,427
1784,SA,Aug-19,370
1785,SA,Sep-19,194
1786,SA,Oct-19,0
1787,SA,Nov-19,0
1788,SA,Dec-19,0
2005,SA,Jan-20,0
2006,SA,Feb-20,0
2007,SA,Mar-20,0
2008,SA,Apr-20,0
2009,SA,May-20,61
2010,SA,Jun-20,339
2011,SA,Jul-20,466
2012,SA,Aug-20,369
2013,SA,Sep-20,214
2014,SA,Oct-20,0
2015,SA,Nov-20,0
2016,SA,Dec-20,0
2233,SA,Jan-21,0
2234,SA,Feb-21,0
2235,SA,Mar-21,0
2236,SA,Apr-21,0
2237,SA,May-21,189
2238,SA,Jun-21,390
2239,SA,Jul-21,500
2240,SA,Aug-21,471
2241,SA,Sep-21,141
2242,SA,Oct-21,0
2243,SA,Nov-21,0
2244,SA,Dec-21,0
2461,SA,Jan-22,0
2462,SA,Feb-22,0
2463,SA,Mar-22,0
2464,SA,Apr-22,0
2465,SA,May-22,75
2466,SA,Jun-22,387
2467,SA,Jul-22,405
2468,SA,Aug-22,425
2469,SA,Sep-22,173
2470,SA,Oct-22,0
2471,SA,Nov-22,0
2472,SA,Dec-22,0
2689,SA,Jan-23,0
2690,SA,Feb-23,0
2691,SA,Mar-23,0
2692,SA,Apr-23,0
2693,SA,May-23,12
2694,SA,Jun-23,259
2695,SA,Jul-23,483
2696,SA,Aug-23,477
2697,SA,Sep-23,231
2698,SA,Oct-23,0
2699,SA,Nov-23,0
2700,SA,Dec-23,0
193,TU,Jan-12,0
194,TU,Feb-12,0
195,TU,Mar-12,0
196,TU,Apr-12,0
197,TU,May-12,0
198,TU,Jun-12,18
199,TU,Jul-12,137
200,TU,Aug-12,52
201,TU,Sep-12,2
202,TU,Oct-12,0
203,TU,Nov-12,0
204,TU,Dec-12,0
421,TU,Jan-13,0
422,TU,Feb-13,0
423,TU,Mar-13,0
424,TU,Apr-13,0
425,TU,May-13,0
426,TU,Jun-13,10
427,TU,Jul-13,45
428,TU,Aug-13,25
429,TU,Sep-13,0
430,TU,Oct-13,0
431,TU,Nov-13,0
432,TU,Dec-13,0
649,TU,Jan-14,0
650,TU,Feb-14,0
651,TU,Mar-14,0
652,TU,Apr-14,0
653,TU,May-14,0
654,TU,Jun-14,25
655,TU,Jul-14,87
656,TU,Aug-14,101
657,TU,Sep-14,3
658,TU,Oct-14,0
659,TU,Nov-14,0
660,TU,Dec-14,0
877,TU,Jan-15,0
878,TU,Feb-15,0
879,TU,Mar-15,0
880,TU,Apr-15,0
881,TU,May-15,0
882,TU,Jun-15,5
883,TU,Jul-15,96
884,TU,Aug-15,55
885,TU,Sep-15,19
886,TU,Oct-15,0
887,TU,Nov-15,0
888,TU,Dec-15,0
1105,TU,Jan-16,0
1106,TU,Feb-16,0
1107,TU,Mar-16,0
1108,TU,Apr-16,0
1109,TU,May-16,0
1110,TU,Jun-16,24
1111,TU,Jul-16,73
1112,TU,Aug-16,95
1113,TU,Sep-16,0
1114,TU,Oct-16,0
1115,TU,Nov-16,0
1116,TU,Dec-16,0
1333,TU,Jan-17,0
1334,TU,Feb-17,0
1335,TU,Mar-17,0
1336,TU,Apr-17,0
1337,TU,May-17,0
1338,TU,Jun-17,16
1339,TU,Jul-17,136
1340,TU,Aug-17,107
1341,TU,Sep-17,31
1342,TU,Oct-17,0
1343,TU,Nov-17,0
1344,TU,Dec-17,0
1561,TU,Jan-18,0
1562,TU,Feb-18,0
1563,TU,Mar-18,0
1564,TU,Apr-18,0
1565,TU,May-18,0
1566,TU,Jun-18,14
1567,TU,Jul-18,87
1568,TU,Aug-18,87
1569,TU,Sep-18,6
1570,TU,Oct-18,0
1571,TU,Nov-18,0
1572,TU,Dec-18,0
1789,TU,Jan-19,0
1790,TU,Feb-19,0
1791,TU,Mar-19,0
1792,TU,Apr-19,0
1793,TU,May-19,0
1794,TU,Jun-19,29
1795,TU,Jul-19,66
1796,TU,Aug-19,108
1797,TU,Sep-19,2
1798,TU,Oct-19,0
1799,TU,Nov-19,0
1800,TU,Dec-19,0
2017,TU,Jan-20,0
2018,TU,Feb-20,0
2019,TU,Mar-20,0
2020,TU,Apr-20,0
2021,TU,May-20,2
2022,TU,Jun-20,11
2023,TU,Jul-20,133
2024,TU,Aug-20,76
2025,TU,Sep-20,40
2026,TU,Oct-20,0
2027,TU,Nov-20,0
2028,TU,Dec-20,0
2245,TU,Jan-21,0
2246,TU,Feb-21,0
2247,TU,Mar-21,0
2248,TU,Apr-21,0
2249,TU,May-21,0
2250,TU,Jun-21,26
2251,TU,Jul-21,150
2252,TU,Aug-21,103
2253,TU,Sep-21,0
2254,TU,Oct-21,0
2255,TU,Nov-21,0
2256,TU,Dec-21,0
2473,TU,Jan-22,0
2474,TU,Feb-22,0
2475,TU,Mar-22,0
2476,TU,Apr-22,0
2477,TU,May-22,0
2478,TU,Jun-22,9
2479,TU,Jul-22,120
2480,TU,Aug-22,91
2481,TU,Sep-22,10
2482,TU,Oct-22,0
2483,TU,Nov-22,0
2484,TU,Dec-22,0
2701,TU,Jan-23,0
2702,TU,Feb-23,0
2703,TU,Mar-23,0
2704,TU,Apr-23,0
2705,TU,May-23,0
2706,TU,Jun-23,2
2707,TU,Jul-23,163
2708,TU,Aug-23,134
2709,TU,Sep-23,0
2710,TU,Oct-23,0
2711,TU,Nov-23,0
2712,TU,Dec-23,0
205,US,Jan-12,0
206,US,Feb-12,0
207,US,Mar-12,0
208,US,Apr-12,0
209,US,May-12,0
210,US,Jun-12,0
211,US,Jul-12,0
212,US,Aug-12,0
213,US,Sep-12,0
214,US,Oct-12,0
215,US,Nov-12,0
216,US,Dec-12,0
433,US,Jan-13,0
434,US,Feb-13,0
435,US,Mar-13,0
436,US,Apr-13,0
437,US,May-13,0
438,US,Jun-13,0
439,US,Jul-13,0
440,US,Aug-13,0
441,US,Sep-13,0
442,US,Oct-13,0
443,US,Nov-13,0
444,US,Dec-13,0
661,US,Jan-14,0
662,US,Feb-14,0
663,US,Mar-14,0
664,US,Apr-14,0
665,US,May-14,0
666,US,Jun-14,0
667,US,Jul-14,0
668,US,Aug-14,0
669,US,Sep-14,0
670,US,Oct-14,0
671,US,Nov-14,0
672,US,Dec-14,0
889,US,Jan-15,0
890,US,Feb-15,0
891,US,Mar-15,0
892,US,Apr-15,0
893,US,May-15,0
894,US,Jun-15,0
895,US,Jul-15,0
896,US,Aug-15,0
897,US,Sep-15,0
898,US,Oct-15,0
899,US,Nov-15,0
900,US,Dec-15,0
1117,US,Jan-16,0
1118,US,Feb-16,0
1119,US,Mar-16,0
1120,US,Apr-16,0
1121,US,May-16,0
1122,US,Jun-16,0
1123,US,Jul-16,0
1124,US,Aug-16,0
1125,US,Sep-16,0
1126,US,Oct-16,0
1127,US,Nov-16,0
1128,US,Dec-16,0
1345,US,Jan-17,0
1346,US,Feb-17,0
1347,US,Mar-17,0
1348,US,Apr-17,0
1349,US,May-17,0
1350,US,Jun-17,0
1351,US,Jul-17,0
1352,US,Aug-17,0
1353,US,Sep-17,0
1354,US,Oct-17,0
1355,US,Nov-17,0
1356,US,Dec-17,0
1573,US,Jan-18,0
1574,US,Feb-18,0
1575,US,Mar-18,0
1576,US,Apr-18,0
1577,US,May-18,0
1578,US,Jun-18,0
1579,US,Jul-18,0
1580,US,Aug-18,0
1581,US,Sep-18,0
1582,US,Oct-18,0
1583,US,Nov-18,0
1584,US,Dec-18,0
1801,US,Jan-19,0
1802,US,Feb-19,0
1803,US,Mar-19,0
1804,US,Apr-19,0
1805,US,May-19,0
1806,US,Jun-19,0
1807,US,Jul-19,0
1808,US,Aug-19,0
1809,US,Sep-19,0
1810,US,Oct-19,0
1811,US,Nov-19,0
1812,US,Dec-19,0
2029,US,Jan-20,0
2030,US,Feb-20,0
2031,US,Mar-20,0
2032,US,Apr-20,0
2033,US,May-20,0
2034,US,Jun-20,0
2035,US,Jul-20,0
2036,US,Aug-20,0
2037,US,Sep-20,0
2038,US,Oct-20,0
2039,US,Nov-20,0
2040,US,Dec-20,0
2257,US,Jan-21,0
2258,US,Feb-21,0
2259,US,Mar-21,0
2260,US,Apr-21,0
2261,US,May-21,0
2262,US,Jun-21,0
2263,US,Jul-21,0
2264,US,Aug-21,0
2265,US,Sep-21,0
2266,US,Oct-21,0
2267,US,Nov-21,0
2268,US,Dec-21,0
2485,US,Jan-22,0
2486,US,Feb-22,0
2487,US,Mar-22,0
2488,US,Apr-22,0
2489,US,May-22,0
2490,US,Jun-22,0
2491,US,Jul-22,0
2492,US,Aug-22,0
2493,US,Sep-22,0
2494,US,Oct-22,0
2495,US,Nov-22,0
2496,US,Dec-22,0
2713,US,Jan-23,0
2714,US,Feb-23,0
2715,US,Mar-23,0
2716,US,Apr-23,0
2717,US,May-23,0
2718,US,Jun-23,0
2719,US,Jul-23,0
2720,US,Aug-23,0
2721,US,Sep-23,0
2722,US,Oct-23,0
2723,US,Nov-23,0
2724,US,Dec-23,0
217,ZA,Jan-12,0
218,ZA,Feb-12,0
219,ZA,Mar-12,0
220,ZA,Apr-12,0
221,ZA,May-12,0
222,ZA,Jun-12,0
223,ZA,Jul-12,0
224,ZA,Aug-12,0
225,ZA,Sep-12,0
226,ZA,Oct-12,0
227,ZA,Nov-12,0
228,ZA,Dec-12,0
445,ZA,Jan-13,0
446,ZA,Feb-13,0
447,ZA,Mar-13,0
448,ZA,Apr-13,0
449,ZA,May-13,0
450,ZA,Jun-13,0
451,ZA,Jul-13,0
452,ZA,Aug-13,0
453,ZA,Sep-13,0
454,ZA,Oct-13,0
455,ZA,Nov-13,0
456,ZA,Dec-13,0
673,ZA,Jan-14,0
674,ZA,Feb-14,0
675,ZA,Mar-14,0
676,ZA,Apr-14,0
677,ZA,May-14,0
678,ZA,Jun-14,0
679,ZA,Jul-14,0
680,ZA,Aug-14,0
681,ZA,Sep-14,0
682,ZA,Oct-14,0
683,ZA,Nov-14,0
684,ZA,Dec-14,0
901,ZA,Jan-15,0
902,ZA,Feb-15,0
903,ZA,Mar-15,0
904,ZA,Apr-15,0
905,ZA,May-15,0
906,ZA,Jun-15,0
907,ZA,Jul-15,0
908,ZA,Aug-15,0
909,ZA,Sep-15,0
910,ZA,Oct-15,0
911,ZA,Nov-15,0
912,ZA,Dec-15,0
1129,ZA,Jan-16,0
1130,ZA,Feb-16,0
1131,ZA,Mar-16,0
1132,ZA,Apr-16,0
1133,ZA,May-16,0
1134,ZA,Jun-16,0
1135,ZA,Jul-16,0
1136,ZA,Aug-16,0
1137,ZA,Sep-16,0
1138,ZA,Oct-16,0
1139,ZA,Nov-16,0
1140,ZA,Dec-16,0
1357,ZA,Jan-17,0
1358,ZA,Feb-17,0
1359,ZA,Mar-17,0
1360,ZA,Apr-17,0
1361,ZA,May-17,0
1362,ZA,Jun-17,0
1363,ZA,Jul-17,0
1364,ZA,Aug-17,0
1365,ZA,Sep-17,0
1366,ZA,Oct-17,0
1367,ZA,Nov-17,0
1368,ZA,Dec-17,0
1585,ZA,Jan-18,0
1586,ZA,Feb-18,0
1587,ZA,Mar-18,0
1588,ZA,Apr-18,0
1589,ZA,May-18,0
1590,ZA,Jun-18,0
1591,ZA,Jul-18,0
1592,ZA,Aug-18,0
1593,ZA,Sep-18,0
1594,ZA,Oct-18,0
1595,ZA,Nov-18,0
1596,ZA,Dec-18,0
1813,ZA,Jan-19,0
1814,ZA,Feb-19,0
1815,ZA,Mar-19,0
1816,ZA,Apr-19,0
1817,ZA,May-19,0
1818,ZA,Jun-19,0
1819,ZA,Jul-19,0
1820,ZA,Aug-19,0
1821,ZA,Sep-19,0
1822,ZA,Oct-19,0
1823,ZA,Nov-19,0
1824,ZA,Dec-19,0
2041,ZA,Jan-20,0
2042,ZA,Feb-20,0
2043,ZA,Mar-20,0
2044,ZA,Apr-20,0
2045,ZA,May-20,0
2046,ZA,Jun-20,0
2047,ZA,Jul-20,0
2048,ZA,Aug-20,0
2049,ZA,Sep-20,0
2050,ZA,Oct-20,0
2051,ZA,Nov-20,0
2052,ZA,Dec-20,0
2269,ZA,Jan-21,0
2270,ZA,Feb-21,0
2271,ZA,Mar-21,0
2272,ZA,Apr-21,0
2273,ZA,May-21,0
2274,ZA,Jun-21,0
2275,ZA,Jul-21,0
2276,ZA,Aug-21,0
2277,ZA,Sep-21,0
2278,ZA,Oct-21,0
2279,ZA,Nov-21,0
2280,ZA,Dec-21,0
2497,ZA,Jan-22,0
2498,ZA,Feb-22,0
2499,ZA,Mar-22,0
2500,ZA,Apr-22,0
2501,ZA,May-22,0
2502,ZA,Jun-22,0
2503,ZA,Jul-22,0
2504,ZA,Aug-22,0
2505,ZA,Sep-22,0
2506,ZA,Oct-22,0
2507,ZA,Nov-22,0
2508,ZA,Dec-22,0
2725,ZA,Jan-23,0
2726,ZA,Feb-23,0
2727,ZA,Mar-23,0
2728,ZA,Apr-23,0
2729,ZA,May-23,0
2730,ZA,Jun-23,0
2731,ZA,Jul-23,0
2732,ZA,Aug-23,0
2733,ZA,Sep-23,0
2734,ZA,Oct-23,0
2735,ZA,Nov-23,0
2736,ZA,Dec-23,0