Country,Month,fog
AR,Jan-12,135
AR,Feb-12,112
AR,Mar-12,131
AR,Apr-12,111
AR,May-12,105
AR,Jun-12,96
AR,Jul-12,103
AR,Aug-12,103
AR,Sep-12,106
AR,Oct-12,115
AR,Nov-12,103
AR,Dec-12,115
AR,Jan-13,293
AR,Feb-13,252
AR,Mar-13,259
AR,Apr-13,249
AR,May-13,268
AR,Jun-13,258
AR,Jul-13,265
AR,Aug-13,279
AR,Sep-13,264
AR,Oct-13,276
AR,Nov-13,234
AR,Dec-13,234
AR,Jan-14,255
AR,Feb-14,225
AR,Mar-14,217
AR,Apr-14,203
AR,May-14,216
AR,Jun-14,209
AR,Jul-14,251
AR,Aug-14,253
AR,Sep-14,235
AR,Oct-14,256
AR,Nov-14,247
AR,Dec-14,238
AR,Jan-15,210
AR,Feb-15,184
AR,Mar-15,226
AR,Apr-15,196
AR,May-15,174
AR,Jun-15,181
AR,Jul-15,181
AR,Aug-15,176
AR,Sep-15,179
AR,Oct-15,169
AR,Nov-15,169
AR,Dec-15,190
AR,Jan-16,208
AR,Feb-16,198
AR,Mar-16,223
AR,Apr-16,184
AR,May-16,203
AR,Jun-16,194
AR,Jul-16,199
AR,Aug-16,214
AR,Sep-16,203
AR,Oct-16,208
AR,Nov-16,223
AR,Dec-16,221
AR,Jan-17,724
AR,Feb-17,607
AR,Mar-17,668
AR,Apr-17,665
AR,May-17,664
AR,Jun-17,635
AR,Jul-17,651
AR,Aug-17,683
AR,Sep-17,630
AR,Oct-17,660
AR,Nov-17,648
AR,Dec-17,659
AR,Jan-18,202
AR,Feb-18,208
AR,Mar-18,232
AR,Apr-18,229
AR,May-18,218
AR,Jun-18,216
AR,Jul-18,225
AR,Aug-18,229
AR,Sep-18,300
AR,Oct-18,275
AR,Nov-18,245
AR,Dec-18,252
AR,Jan-19,683
AR,Feb-19,603
AR,Mar-19,661
AR,Apr-19,631
AR,May-19,648
AR,Jun-19,625
AR,Jul-19,652
AR,Aug-19,652
AR,Sep-19,639
AR,Oct-19,658
AR,Nov-19,641
AR,Dec-19,411
AR,Jan-20,518
AR,Feb-20,460
AR,Mar-20,493
AR,Apr-20,473
AR,May-20,462
AR,Jun-20,430
AR,Jul-20,308
AR,Aug-20,326
AR,Sep-20,327
AR,Oct-20,339
AR,Nov-20,345
AR,Dec-20,354
AR,Jan-21,361
AR,Feb-21,529
AR,Mar-21,302
AR,Apr-21,294
AR,May-21,297
AR,Jun-21,312
AR,Jul-21,351
AR,Aug-21,356
AR,Sep-21,323
AR,Oct-21,321
AR,Nov-21,306
AR,Dec-21,297
AR,Jan-22,657
AR,Feb-22,590
AR,Mar-22,654
AR,Apr-22,678
AR,May-22,721
AR,Jun-22,697
AR,Jul-22,727
AR,Aug-22,713
AR,Sep-22,667
AR,Oct-22,674
AR,Nov-22,494
AR,Dec-22,405
AR,Jan-23,493
AR,Feb-23,455
AR,Mar-23,504
AR,Apr-23,457
AR,May-23,452
AR,Jun-23,448
AR,Jul-23,444
AR,Aug-23,439
AR,Sep-23,431
AR,Oct-23,439
AR,Nov-23,432
AR,Dec-23,433
AU,Jan-12,2131
AU,Feb-12,1968
AU,Mar-12,2135
AU,Apr-12,2099
AU,May-12,2207
AU,Jun-12,2163
AU,Jul-12,2211
AU,Aug-12,2185
AU,Sep-12,2109
AU,Oct-12,2181
AU,Nov-12,2098
AU,Dec-12,2210
AU,Jan-13,2252
AU,Feb-13,2253
AU,Mar-13,2235
AU,Apr-13,2178
AU,May-13,2260
AU,Jun-13,2181
AU,Jul-13,2219
AU,Aug-13,2236
AU,Sep-13,2163
AU,Oct-13,2241
AU,Nov-13,2153
AU,Dec-13,2210
AU,Jan-14,3910
AU,Feb-14,3526
AU,Mar-14,3915
AU,Apr-14,3827
AU,May-14,3936
AU,Jun-14,3752
AU,Jul-14,3875
AU,Aug-14,3871
AU,Sep-14,3729
AU,Oct-14,3879
AU,Nov-14,3776
AU,Dec-14,3963
AU,Jan-15,3972
AU,Feb-15,3538
AU,Mar-15,3950
AU,Apr-15,3853
AU,May-15,3978
AU,Jun-15,3832
AU,Jul-15,3987
AU,Aug-15,3967
AU,Sep-15,3877
AU,Oct-15,4021
AU,Nov-15,3890
AU,Dec-15,4028
AU,Jan-16,3882
AU,Feb-16,3673
AU,Mar-16,3840
AU,Apr-16,3610
AU,May-16,3725
AU,Jun-16,3586
AU,Jul-16,3731
AU,Aug-16,3735
AU,Sep-16,3644
AU,Oct-16,3834
AU,Nov-16,3874
AU,Dec-16,3894
AU,Jan-17,3780
AU,Feb-17,3396
AU,Mar-17,3712
AU,Apr-17,3412
AU,May-17,3558
AU,Jun-17,3473
AU,Jul-17,3594
AU,Aug-17,3547
AU,Sep-17,3412
AU,Oct-17,3542
AU,Nov-17,3625
AU,Dec-17,3853
AU,Jan-18,3727
AU,Feb-18,3368
AU,Mar-18,3739
AU,Apr-18,3569
AU,May-18,3656
AU,Jun-18,3561
AU,Jul-18,3686
AU,Aug-18,3693
AU,Sep-18,3697
AU,Oct-18,3608
AU,Nov-18,3608
AU,Dec-18,3678
AU,Jan-19,3701
AU,Feb-19,3326
AU,Mar-19,3681
AU,Apr-19,3404
AU,May-19,3550
AU,Jun-19,3394
AU,Jul-19,3547
AU,Aug-19,3480
AU,Sep-19,3393
AU,Oct-19,3518
AU,Nov-19,3560
AU,Dec-19,3683
AU,Jan-20,3278
AU,Feb-20,3088
AU,Mar-20,3342
AU,Apr-20,3115
AU,May-20,3198
AU,Jun-20,3060
AU,Jul-20,3144
AU,Aug-20,3169
AU,Sep-20,3092
AU,Oct-20,3200
AU,Nov-20,3227
AU,Dec-20,3328
AU,Jan-21,3307
AU,Feb-21,3109
AU,Mar-21,3318
AU,Apr-21,3097
AU,May-21,3190
AU,Jun-21,3097
AU,Jul-21,3200
AU,Aug-21,3178
AU,Sep-21,3077
AU,Oct-21,3197
AU,Nov-21,3236
AU,Dec-21,3336
AU,Jan-22,3432
AU,Feb-22,3100
AU,Mar-22,3389
AU,Apr-22,3178
AU,May-22,3392
AU,Jun-22,3256
AU,Jul-22,3316
AU,Aug-22,3323
AU,Sep-22,3229
AU,Oct-22,3284
AU,Nov-22,3321
AU,Dec-22,3419
AU,Jan-23,3635
AU,Feb-23,3288
AU,Mar-23,3633
AU,Apr-23,3458
AU,May-23,3569
AU,Jun-23,3485
AU,Jul-23,3539
AU,Aug-23,3553
AU,Sep-23,3474
AU,Oct-23,3550
AU,Nov-23,3545
AU,Dec-23,3655
BR,Jan-12,339
BR,Feb-12,309
BR,Mar-12,329
BR,Apr-12,299
BR,May-12,349
BR,Jun-12,334
BR,Jul-12,341
BR,Aug-12,259
BR,Sep-12,309
BR,Oct-12,575
BR,Nov-12,412
BR,Dec-12,1560
BR,Jan-13,1561
BR,Feb-13,1021
BR,Mar-13,1213
BR,Apr-13,1153
BR,May-13,1507
BR,Jun-13,1352
BR,Jul-13,1638
BR,Aug-13,1806
BR,Sep-13,1476
BR,Oct-13,1328
BR,Nov-13,1279
BR,Dec-13,1244
BR,Jan-14,450
BR,Feb-14,412
BR,Mar-14,457
BR,Apr-14,456
BR,May-14,699
BR,Jun-14,762
BR,Jul-14,823
BR,Aug-14,1207
BR,Sep-14,786
BR,Oct-14,712
BR,Nov-14,499
BR,Dec-14,481
BR,Jan-15,486
BR,Feb-15,325
BR,Mar-15,399
BR,Apr-15,478
BR,May-15,664
BR,Jun-15,767
BR,Jul-15,832
BR,Aug-15,1067
BR,Sep-15,754
BR,Oct-15,732
BR,Nov-15,604
BR,Dec-15,635
BR,Jan-16,14208
BR,Feb-16,13283
BR,Mar-16,14133
BR,Apr-16,14285
BR,May-16,14450
BR,Jun-16,14001
BR,Jul-16,14738
BR,Aug-16,14699
BR,Sep-16,14062
BR,Oct-16,14511
BR,Nov-16,13785
BR,Dec-16,14196
BR,Jan-17,14093
BR,Feb-17,12800
BR,Mar-17,14093
BR,Apr-17,13743
BR,May-17,14209
BR,Jun-17,13976
BR,Jul-17,14769
BR,Aug-17,14740
BR,Sep-17,14093
BR,Oct-17,14412
BR,Nov-17,13705
BR,Dec-17,14169
BR,Jan-18,14048
BR,Feb-18,12705
BR,Mar-18,14094
BR,Apr-18,13621
BR,May-18,14041
BR,Jun-18,13600
BR,Jul-18,14026
BR,Aug-18,14021
BR,Sep-18,13604
BR,Oct-18,14040
BR,Nov-18,13635
BR,Dec-18,14123
BR,Jan-19,13942
BR,Feb-19,12582
BR,Mar-19,13988
BR,Apr-19,13518
BR,May-19,13978
BR,Jun-19,13561
BR,Jul-19,13994
BR,Aug-19,14017
BR,Sep-19,13555
BR,Oct-19,13916
BR,Nov-19,13463
BR,Dec-19,13875
BR,Jan-20,12782
BR,Feb-20,12015
BR,Mar-20,12860
BR,Apr-20,12625
BR,May-20,13006
BR,Jun-20,12607
BR,Jul-20,12985
BR,Aug-20,13011
BR,Sep-20,12575
BR,Oct-20,14207
BR,Nov-20,12538
BR,Dec-20,12679
BR,Jan-21,10502
BR,Feb-21,9877
BR,Mar-21,10409
BR,Apr-21,10105
BR,May-21,10437
BR,Jun-21,10121
BR,Jul-21,10377
BR,Aug-21,10392
BR,Sep-21,10145
BR,Oct-21,10512
BR,Nov-21,10184
BR,Dec-21,10502
BR,Jan-22,11944
BR,Feb-22,10836
BR,Mar-22,12008
BR,Apr-22,11694
BR,May-22,12172
BR,Jun-22,11816
BR,Jul-22,12215
BR,Aug-22,12203
BR,Sep-22,11658
BR,Oct-22,11750
BR,Nov-22,11307
BR,Dec-22,11715
BR,Jan-23,11978
BR,Feb-23,10779
BR,Mar-23,11985
BR,Apr-23,11570
BR,May-23,11956
BR,Jun-23,11631
BR,Jul-23,11993
BR,Aug-23,12000
BR,Sep-23,11614
BR,Oct-23,12012
BR,Nov-23,11931
BR,Dec-23,12472
CA,Jan-12,20580
CA,Feb-12,19167
CA,Mar-12,20560
CA,Apr-12,19844
CA,May-12,20523
CA,Jun-12,19892
CA,Jul-12,20624
CA,Aug-12,20575
CA,Sep-12,19940
CA,Oct-12,20566
CA,Nov-12,19814
CA,Dec-12,20586
CA,Jan-13,20747
CA,Feb-13,18739
CA,Mar-13,20794
CA,Apr-13,20009
CA,May-13,20824
CA,Jun-13,20138
CA,Jul-13,20815
CA,Aug-13,20923
CA,Sep-13,20187
CA,Oct-13,20800
CA,Nov-13,20073
CA,Dec-13,20915
CA,Jan-14,20782
CA,Feb-14,18716
CA,Mar-14,20693
CA,Apr-14,19994
CA,May-14,20688
CA,Jun-14,20025
CA,Jul-14,20880
CA,Aug-14,20872
CA,Sep-14,20111
CA,Oct-14,20744
CA,Nov-14,20051
CA,Dec-14,20775
CA,Jan-15,20981
CA,Feb-15,18913
CA,Mar-15,20988
CA,Apr-15,20312
CA,May-15,21108
CA,Jun-15,20311
CA,Jul-15,21034
CA,Aug-15,21079
CA,Sep-15,20423
CA,Oct-15,21048
CA,Nov-15,20391
CA,Dec-15,21253
CA,Jan-16,20690
CA,Feb-16,19323
CA,Mar-16,20611
CA,Apr-16,19926
CA,May-16,20608
CA,Jun-16,20008
CA,Jul-16,20758
CA,Aug-16,20673
CA,Sep-16,19900
CA,Oct-16,20481
CA,Nov-16,19949
CA,Dec-16,20694
CA,Jan-17,20754
CA,Feb-17,18670
CA,Mar-17,20792
CA,Apr-17,20217
CA,May-17,20800
CA,Jun-17,20122
CA,Jul-17,21043
CA,Aug-17,20995
CA,Sep-17,20388
CA,Oct-17,21052
CA,Nov-17,20274
CA,Dec-17,21085
CA,Jan-18,20384
CA,Feb-18,18433
CA,Mar-18,20374
CA,Apr-18,19718
CA,May-18,20294
CA,Jun-18,19708
CA,Jul-18,20471
CA,Aug-18,20502
CA,Sep-18,19731
CA,Oct-18,20291
CA,Nov-18,19628
CA,Dec-18,20327
CA,Jan-19,19926
CA,Feb-19,17957
CA,Mar-19,19939
CA,Apr-19,19318
CA,May-19,19925
CA,Jun-19,19287
CA,Jul-19,19936
CA,Aug-19,19947
CA,Sep-19,19306
CA,Oct-19,20013
CA,Nov-19,19302
CA,Dec-19,20072
CA,Jan-20,19991
CA,Feb-20,18635
CA,Mar-20,20016
CA,Apr-20,19482
CA,May-20,20116
CA,Jun-20,19366
CA,Jul-20,20022
CA,Aug-20,20008
CA,Sep-20,19340
CA,Oct-20,20040
CA,Nov-20,19448
CA,Dec-20,20168
CA,Jan-21,20475
CA,Feb-21,19034
CA,Mar-21,20344
CA,Apr-21,19760
CA,May-21,20361
CA,Jun-21,19786
CA,Jul-21,20572
CA,Aug-21,20398
CA,Sep-21,19796
CA,Oct-21,20511
CA,Nov-21,19812
CA,Dec-21,20475
CA,Jan-22,20232
CA,Feb-22,18200
CA,Mar-22,20163
CA,Apr-22,19628
CA,May-22,20290
CA,Jun-22,19560
CA,Jul-22,20322
CA,Aug-22,20219
CA,Sep-22,19618
CA,Oct-22,20251
CA,Nov-22,19582
CA,Dec-22,20338
CA,Jan-23,20121
CA,Feb-23,17980
CA,Mar-23,19871
CA,Apr-23,19315
CA,May-23,19955
CA,Jun-23,19272
CA,Jul-23,20094
CA,Aug-23,20156
CA,Sep-23,19485
CA,Oct-23,20037
CA,Nov-23,19352
CA,Dec-23,20211
CH,Jan-12,235
CH,Feb-12,238
CH,Mar-12,233
CH,Apr-12,222
CH,May-12,252
CH,Jun-12,219
CH,Jul-12,215
CH,Aug-12,231
CH,Sep-12,218
CH,Oct-12,248
CH,Nov-12,237
CH,Dec-12,237
CH,Jan-13,295
CH,Feb-13,280
CH,Mar-13,297
CH,Apr-13,353
CH,May-13,430
CH,Jun-13,336
CH,Jul-13,375
CH,Aug-13,384
CH,Sep-13,384
CH,Oct-13,378
CH,Nov-13,390
CH,Dec-13,384
CH,Jan-14,445
CH,Feb-14,394
CH,Mar-14,455
CH,Apr-14,449
CH,May-14,555
CH,Jun-14,342
CH,Jul-14,326
CH,Aug-14,329
CH,Sep-14,363
CH,Oct-14,356
CH,Nov-14,340
CH,Dec-14,410
CH,Jan-15,400
CH,Feb-15,360
CH,Mar-15,428
CH,Apr-15,382
CH,May-15,385
CH,Jun-15,304
CH,Jul-15,329
CH,Aug-15,297
CH,Sep-15,323
CH,Oct-15,369
CH,Nov-15,270
CH,Dec-15,280
CH,Jan-16,402
CH,Feb-16,405
CH,Mar-16,487
CH,Apr-16,468
CH,May-16,454
CH,Jun-16,378
CH,Jul-16,431
CH,Aug-16,468
CH,Sep-16,368
CH,Oct-16,368
CH,Nov-16,310
CH,Dec-16,367
CH,Jan-17,338
CH,Feb-17,306
CH,Mar-17,362
CH,Apr-17,413
CH,May-17,672
CH,Jun-17,323
CH,Jul-17,332
CH,Aug-17,364
CH,Sep-17,386
CH,Oct-17,450
CH,Nov-17,404
CH,Dec-17,455
CH,Jan-18,373
CH,Feb-18,308
CH,Mar-18,378
CH,Apr-18,379
CH,May-18,359
CH,Jun-18,320
CH,Jul-18,317
CH,Aug-18,343
CH,Sep-18,901
CH,Oct-18,273
CH,Nov-18,324
CH,Dec-18,354
CH,Jan-19,454
CH,Feb-19,353
CH,Mar-19,345
CH,Apr-19,339
CH,May-19,390
CH,Jun-19,363
CH,Jul-19,359
CH,Aug-19,369
CH,Sep-19,322
CH,Oct-19,335
CH,Nov-19,282
CH,Dec-19,351
CH,Jan-20,354
CH,Feb-20,331
CH,Mar-20,349
CH,Apr-20,434
CH,May-20,471
CH,Jun-20,455
CH,Jul-20,486
CH,Aug-20,474
CH,Sep-20,471
CH,Oct-20,482
CH,Nov-20,505
CH,Dec-20,507
CH,Jan-21,451
CH,Feb-21,1720
CH,Mar-21,466
CH,Apr-21,461
CH,May-21,465
CH,Jun-21,449
CH,Jul-21,469
CH,Aug-21,442
CH,Sep-21,339
CH,Oct-21,238
CH,Nov-21,223
CH,Dec-21,236
CH,Jan-22,245
CH,Feb-22,258
CH,Mar-22,269
CH,Apr-22,341
CH,May-22,439
CH,Jun-22,435
CH,Jul-22,488
CH,Aug-22,475
CH,Sep-22,838
CH,Oct-22,430
CH,Nov-22,1074
CH,Dec-22,410
CH,Jan-23,323
CH,Feb-23,410
CH,Mar-23,397
CH,Apr-23,907
CH,May-23,886
CH,Jun-23,3050
CH,Jul-23,806
CH,Aug-23,1435
CH,Sep-23,3048
CH,Oct-23,964
CH,Nov-23,1147
CH,Dec-23,866
FR,Jan-12,598
FR,Feb-12,526
FR,Mar-12,558
FR,Apr-12,530
FR,May-12,583
FR,Jun-12,605
FR,Jul-12,614
FR,Aug-12,604
FR,Sep-12,612
FR,Oct-12,667
FR,Nov-12,631
FR,Dec-12,683
FR,Jan-13,488
FR,Feb-13,617
FR,Mar-13,787
FR,Apr-13,757
FR,May-13,781
FR,Jun-13,478
FR,Jul-13,496
FR,Aug-13,548
FR,Sep-13,477
FR,Oct-13,530
FR,Nov-13,487
FR,Dec-13,481
FR,Jan-14,542
FR,Feb-14,561
FR,Mar-14,665
FR,Apr-14,634
FR,May-14,646
FR,Jun-14,569
FR,Jul-14,580
FR,Aug-14,564
FR,Sep-14,552
FR,Oct-14,601
FR,Nov-14,558
FR,Dec-14,635
FR,Jan-15,418
FR,Feb-15,377
FR,Mar-15,432
FR,Apr-15,484
FR,May-15,653
FR,Jun-15,1302
FR,Jul-15,1313
FR,Aug-15,1424
FR,Sep-15,1066
FR,Oct-15,843
FR,Nov-15,634
FR,Dec-15,722
FR,Jan-16,499
FR,Feb-16,579
FR,Mar-16,504
FR,Apr-16,757
FR,May-16,916
FR,Jun-16,653
FR,Jul-16,1248
FR,Aug-16,1622
FR,Sep-16,1296
FR,Oct-16,925
FR,Nov-16,686
FR,Dec-16,749
FR,Jan-17,679
FR,Feb-17,592
FR,Mar-17,785
FR,Apr-17,1252
FR,May-17,1105
FR,Jun-17,1173
FR,Jul-17,1078
FR,Aug-17,1154
FR,Sep-17,582
FR,Oct-17,901
FR,Nov-17,628
FR,Dec-17,550
FR,Jan-18,432
FR,Feb-18,334
FR,Mar-18,391
FR,Apr-18,408
FR,May-18,425
FR,Jun-18,453
FR,Jul-18,479
FR,Aug-18,431
FR,Sep-18,627
FR,Oct-18,417
FR,Nov-18,404
FR,Dec-18,411
FR,Jan-19,578
FR,Feb-19,534
FR,Mar-19,591
FR,Apr-19,602
FR,May-19,625
FR,Jun-19,602
FR,Jul-19,581
FR,Aug-19,551
FR,Sep-19,529
FR,Oct-19,564
FR,Nov-19,538
FR,Dec-19,538
FR,Jan-20,476
FR,Feb-20,395
FR,Mar-20,442
FR,Apr-20,423
FR,May-20,467
FR,Jun-20,459
FR,Jul-20,481
FR,Aug-20,464
FR,Sep-20,420
FR,Oct-20,432
FR,Nov-20,440
FR,Dec-20,620
FR,Jan-21,809
FR,Feb-21,953
FR,Mar-21,482
FR,Apr-21,428
FR,May-21,441
FR,Jun-21,434
FR,Jul-21,628
FR,Aug-21,799
FR,Sep-21,723
FR,Oct-21,480
FR,Nov-21,508
FR,Dec-21,472
FR,Jan-22,446
FR,Feb-22,427
FR,Mar-22,510
FR,Apr-22,410
FR,May-22,457
FR,Jun-22,388
FR,Jul-22,487
FR,Aug-22,510
FR,Sep-22,426
FR,Oct-22,449
FR,Nov-22,381
FR,Dec-22,433
FR,Jan-23,435
FR,Feb-23,405
FR,Mar-23,463
FR,Apr-23,424
FR,May-23,439
FR,Jun-23,484
FR,Jul-23,480
FR,Aug-23,453
FR,Sep-23,448
FR,Oct-23,484
FR,Nov-23,496
FR,Dec-23,537
GM,Jan-12,161
GM,Feb-12,103
GM,Mar-12,128
GM,Apr-12,168
GM,May-12,189
GM,Jun-12,146
GM,Jul-12,116
GM,Aug-12,145
GM,Sep-12,142
GM,Oct-12,171
GM,Nov-12,150
GM,Dec-12,387
GM,Jan-13,228
GM,Feb-13,203
GM,Mar-13,279
GM,Apr-13,241
GM,May-13,427
GM,Jun-13,619
GM,Jul-13,804
GM,Aug-13,827
GM,Sep-13,460
GM,Oct-13,571
GM,Nov-13,415
GM,Dec-13,669
GM,Jan-14,322
GM,Feb-14,411
GM,Mar-14,571
GM,Apr-14,510
GM,May-14,503
GM,Jun-14,587
GM,Jul-14,618
GM,Aug-14,421
GM,Sep-14,344
GM,Oct-14,445
GM,Nov-14,422
GM,Dec-14,474
GM,Jan-15,299
GM,Feb-15,232
GM,Mar-15,413
GM,Apr-15,592
GM,May-15,486
GM,Jun-15,494
GM,Jul-15,558
GM,Aug-15,716
GM,Sep-15,306
GM,Oct-15,376
GM,Nov-15,270
GM,Dec-15,476
GM,Jan-16,291
GM,Feb-16,228
GM,Mar-16,247
GM,Apr-16,391
GM,May-16,578
GM,Jun-16,263
GM,Jul-16,365
GM,Aug-16,478
GM,Sep-16,636
GM,Oct-16,231
GM,Nov-16,381
GM,Dec-16,387
GM,Jan-17,281
GM,Feb-17,168
GM,Mar-17,491
GM,Apr-17,344
GM,May-17,495
GM,Jun-17,444
GM,Jul-17,300
GM,Aug-17,368
GM,Sep-17,169
GM,Oct-17,289
GM,Nov-17,169
GM,Dec-17,260
GM,Jan-18,142
GM,Feb-18,103
GM,Mar-18,141
GM,Apr-18,127
GM,May-18,115
GM,Jun-18,94
GM,Jul-18,119
GM,Aug-18,134
GM,Sep-18,158
GM,Oct-18,141
GM,Nov-18,127
GM,Dec-18,193
GM,Jan-19,60
GM,Feb-19,51
GM,Mar-19,70
GM,Apr-19,74
GM,May-19,69
GM,Jun-19,80
GM,Jul-19,64
GM,Aug-19,69
GM,Sep-19,84
GM,Oct-19,76
GM,Nov-19,83
GM,Dec-19,163
GM,Jan-20,129
GM,Feb-20,99
GM,Mar-20,147
GM,Apr-20,246
GM,May-20,150
GM,Jun-20,100
GM,Jul-20,108
GM,Aug-20,120
GM,Sep-20,85
GM,Oct-20,73
GM,Nov-20,105
GM,Dec-20,164
GM,Jan-21,149
GM,Feb-21,298
GM,Mar-21,88
GM,Apr-21,78
GM,May-21,65
GM,Jun-21,47
GM,Jul-21,37
GM,Aug-21,33
GM,Sep-21,32
GM,Oct-21,49
GM,Nov-21,63
GM,Dec-21,99
GM,Jan-22,230
GM,Feb-22,199
GM,Mar-22,241
GM,Apr-22,186
GM,May-22,242
GM,Jun-22,216
GM,Jul-22,207
GM,Aug-22,225
GM,Sep-22,128
GM,Oct-22,159
GM,Nov-22,159
GM,Dec-22,178
GM,Jan-23,33
GM,Feb-23,76
GM,Mar-23,39
GM,Apr-23,64
GM,May-23,54
GM,Jun-23,40
GM,Jul-23,60
GM,Aug-23,45
GM,Sep-23,52
GM,Oct-23,71
GM,Nov-23,50
GM,Dec-23,101
ID,Jan-12,265
ID,Feb-12,239
ID,Mar-12,221
ID,Apr-12,240
ID,May-12,240
ID,Jun-12,188
ID,Jul-12,179
ID,Aug-12,164
ID,Sep-12,216
ID,Oct-12,216
ID,Nov-12,205
ID,Dec-12,205
ID,Jan-13,163
ID,Feb-13,152
ID,Mar-13,135
ID,Apr-13,138
ID,May-13,165
ID,Jun-13,125
ID,Jul-13,227
ID,Aug-13,156
ID,Sep-13,132
ID,Oct-13,94
ID,Nov-13,111
ID,Dec-13,92
ID,Jan-14,84
ID,Feb-14,55
ID,Mar-14,103
ID,Apr-14,63
ID,May-14,79
ID,Jun-14,52
ID,Jul-14,100
ID,Aug-14,71
ID,Sep-14,78
ID,Oct-14,83
ID,Nov-14,60
ID,Dec-14,50
ID,Jan-15,81
ID,Feb-15,77
ID,Mar-15,109
ID,Apr-15,103
ID,May-15,98
ID,Jun-15,87
ID,Jul-15,112
ID,Aug-15,105
ID,Sep-15,83
ID,Oct-15,140
ID,Nov-15,106
ID,Dec-15,120
ID,Jan-16,88
ID,Feb-16,40
ID,Mar-16,63
ID,Apr-16,31
ID,May-16,34
ID,Jun-16,31
ID,Jul-16,33
ID,Aug-16,31
ID,Sep-16,34
ID,Oct-16,87
ID,Nov-16,97
ID,Dec-16,41
ID,Jan-17,66
ID,Feb-17,56
ID,Mar-17,66
ID,Apr-17,75
ID,May-17,57
ID,Jun-17,26
ID,Jul-17,32
ID,Aug-17,89
ID,Sep-17,84
ID,Oct-17,36
ID,Nov-17,153
ID,Dec-17,166
ID,Jan-18,63
ID,Feb-18,68
ID,Mar-18,240
ID,Apr-18,246
ID,May-18,241
ID,Jun-18,221
ID,Jul-18,89
ID,Aug-18,43
ID,Sep-18,171
ID,Oct-18,115
ID,Nov-18,90
ID,Dec-18,88
ID,Jan-19,55
ID,Feb-19,51
ID,Mar-19,42
ID,Apr-19,41
ID,May-19,29
ID,Jun-19,65
ID,Jul-19,99
ID,Aug-19,93
ID,Sep-19,91
ID,Oct-19,67
ID,Nov-19,63
ID,Dec-19,75
ID,Jan-20,93
ID,Feb-20,57
ID,Mar-20,67
ID,Apr-20,62
ID,May-20,69
ID,Jun-20,62
ID,Jul-20,57
ID,Aug-20,55
ID,Sep-20,60
ID,Oct-20,73
ID,Nov-20,99
ID,Dec-20,70
ID,Jan-21,55
ID,Feb-21,519
ID,Mar-21,51
ID,Apr-21,102
ID,May-21,85
ID,Jun-21,80
ID,Jul-21,96
ID,Aug-21,97
ID,Sep-21,95
ID,Oct-21,117
ID,Nov-21,114
ID,Dec-21,134
ID,Jan-22,78
ID,Feb-22,79
ID,Mar-22,104
ID,Apr-22,114
ID,May-22,189
ID,Jun-22,100
ID,Jul-22,112
ID,Aug-22,65
ID,Sep-22,57
ID,Oct-22,192
ID,Nov-22,47
ID,Dec-22,67
ID,Jan-23,47
ID,Feb-23,134
ID,Mar-23,72
ID,Apr-23,44
ID,May-23,53
ID,Jun-23,50
ID,Jul-23,59
ID,Aug-23,151
ID,Sep-23,150
ID,Oct-23,40
ID,Nov-23,54
ID,Dec-23,76
IN,Jan-12,36
IN,Feb-12,60
IN,Mar-12,53
IN,Apr-12,75
IN,May-12,46
IN,Jun-12,78
IN,Jul-12,49
IN,Aug-12,61
IN,Sep-12,48
IN,Oct-12,60
IN,Nov-12,74
IN,Dec-12,62
IN,Jan-13,94
IN,Feb-13,88
IN,Mar-13,77
IN,Apr-13,110
IN,May-13,117
IN,Jun-13,118
IN,Jul-13,106
IN,Aug-13,107
IN,Sep-13,146
IN,Oct-13,92
IN,Nov-13,95
IN,Dec-13,143
IN,Jan-14,169
IN,Feb-14,120
IN,Mar-14,91
IN,Apr-14,126
IN,May-14,104
IN,Jun-14,109
IN,Jul-14,169
IN,Aug-14,131
IN,Sep-14,143
IN,Oct-14,111
IN,Nov-14,115
IN,Dec-14,125
IN,Jan-15,2403
IN,Feb-15,2185
IN,Mar-15,2431
IN,Apr-15,2379
IN,May-15,2405
IN,Jun-15,2345
IN,Jul-15,2413
IN,Aug-15,2405
IN,Sep-15,2359
IN,Oct-15,2408
IN,Nov-15,2332
IN,Dec-15,712
IN,Jan-16,618
IN,Feb-16,714
IN,Mar-16,603
IN,Apr-16,1085
IN,May-16,551
IN,Jun-16,579
IN,Jul-16,576
IN,Aug-16,578
IN,Sep-16,537
IN,Oct-16,547
IN,Nov-16,492
IN,Dec-16,502
IN,Jan-17,694
IN,Feb-17,591
IN,Mar-17,753
IN,Apr-17,1039
IN,May-17,645
IN,Jun-17,667
IN,Jul-17,695
IN,Aug-17,697
IN,Sep-17,639
IN,Oct-17,539
IN,Nov-17,566
IN,Dec-17,582
IN,Jan-18,634
IN,Feb-18,553
IN,Mar-18,694
IN,Apr-18,1067
IN,May-18,623
IN,Jun-18,622
IN,Jul-18,747
IN,Aug-18,627
IN,Sep-18,730
IN,Oct-18,573
IN,Nov-18,445
IN,Dec-18,524
IN,Jan-19,949
IN,Feb-19,775
IN,Mar-19,973
IN,Apr-19,1189
IN,May-19,645
IN,Jun-19,580
IN,Jul-19,559
IN,Aug-19,556
IN,Sep-19,624
IN,Oct-19,585
IN,Nov-19,721
IN,Dec-19,853
IN,Jan-20,753
IN,Feb-20,675
IN,Mar-20,821
IN,Apr-20,1075
IN,May-20,886
IN,Jun-20,795
IN,Jul-20,789
IN,Aug-20,689
IN,Sep-20,661
IN,Oct-20,694
IN,Nov-20,736
IN,Dec-20,733
IN,Jan-21,839
IN,Feb-21,1419
IN,Mar-21,811
IN,Apr-21,1034
IN,May-21,870
IN,Jun-21,824
IN,Jul-21,824
IN,Aug-21,831
IN,Sep-21,776
IN,Oct-21,771
IN,Nov-21,737
IN,Dec-21,602
IN,Jan-22,514
IN,Feb-22,418
IN,Mar-22,603
IN,Apr-22,1121
IN,May-22,571
IN,Jun-22,553
IN,Jul-22,717
IN,Aug-22,700
IN,Sep-22,634
IN,Oct-22,590
IN,Nov-22,437
IN,Dec-22,530
IN,Jan-23,1142
IN,Feb-23,1057
IN,Mar-23,1221
IN,Apr-23,1515
IN,May-23,1323
IN,Jun-23,1302
IN,Jul-23,1305
IN,Aug-23,1299
IN,Sep-23,1278
IN,Oct-23,1179
IN,Nov-23,1171
IN,Dec-23,1413
IT,Jan-12,1972
IT,Feb-12,1849
IT,Mar-12,1924
IT,Apr-12,1917
IT,May-12,1937
IT,Jun-12,1910
IT,Jul-12,1907
IT,Aug-12,1902
IT,Sep-12,1855
IT,Oct-12,1885
IT,Nov-12,1876
IT,Dec-12,1968
IT,Jan-13,324
IT,Feb-13,445
IT,Mar-13,321
IT,Apr-13,254
IT,May-13,481
IT,Jun-13,878
IT,Jul-13,922
IT,Aug-13,1136
IT,Sep-13,743
IT,Oct-13,503
IT,Nov-13,524
IT,Dec-13,906
IT,Jan-14,496
IT,Feb-14,536
IT,Mar-14,866
IT,Apr-14,571
IT,May-14,666
IT,Jun-14,869
IT,Jul-14,701
IT,Aug-14,884
IT,Sep-14,573
IT,Oct-14,717
IT,Nov-14,591
IT,Dec-14,748
IT,Jan-15,1721
IT,Feb-15,1355
IT,Mar-15,1652
IT,Apr-15,1900
IT,May-15,1961
IT,Jun-15,1590
IT,Jul-15,2239
IT,Aug-15,1833
IT,Sep-15,1513
IT,Oct-15,1499
IT,Nov-15,1727
IT,Dec-15,1763
IT,Jan-16,2017
IT,Feb-16,1752
IT,Mar-16,1902
IT,Apr-16,2182
IT,May-16,2077
IT,Jun-16,1982
IT,Jul-16,2600
IT,Aug-16,2583
IT,Sep-16,1903
IT,Oct-16,1979
IT,Nov-16,1874
IT,Dec-16,2556
IT,Jan-17,2257
IT,Feb-17,1816
IT,Mar-17,2605
IT,Apr-17,2094
IT,May-17,2190
IT,Jun-17,2550
IT,Jul-17,2764
IT,Aug-17,3176
IT,Sep-17,1730
IT,Oct-17,2324
IT,Nov-17,1748
IT,Dec-17,2254
IT,Jan-18,1475
IT,Feb-18,1297
IT,Mar-18,1417
IT,Apr-18,1393
IT,May-18,1380
IT,Jun-18,1397
IT,Jul-18,1437
IT,Aug-18,1451
IT,Sep-18,1556
IT,Oct-18,1380
IT,Nov-18,1346
IT,Dec-18,1464
IT,Jan-19,1312
IT,Feb-19,1172
IT,Mar-19,1311
IT,Apr-19,1316
IT,May-19,1318
IT,Jun-19,1260
IT,Jul-19,1270
IT,Aug-19,1349
IT,Sep-19,1273
IT,Oct-19,1281
IT,Nov-19,1298
IT,Dec-19,1379
IT,Jan-20,1115
IT,Feb-20,1044
IT,Mar-20,1253
IT,Apr-20,1270
IT,May-20,1275
IT,Jun-20,1133
IT,Jul-20,1146
IT,Aug-20,1192
IT,Sep-20,1100
IT,Oct-20,1138
IT,Nov-20,1170
IT,Dec-20,1259
IT,Jan-21,1290
IT,Feb-21,1479
IT,Mar-21,1219
IT,Apr-21,1205
IT,May-21,1234
IT,Jun-21,1177
IT,Jul-21,1209
IT,Aug-21,1203
IT,Sep-21,1169
IT,Oct-21,1234
IT,Nov-21,1231
IT,Dec-21,1220
IT,Jan-22,1132
IT,Feb-22,967
IT,Mar-22,1059
IT,Apr-22,1091
IT,May-22,1110
IT,Jun-22,1086
IT,Jul-22,1165
IT,Aug-22,1141
IT,Sep-22,1078
IT,Oct-22,1137
IT,Nov-22,1091
IT,Dec-22,1186
IT,Jan-23,1001
IT,Feb-23,857
IT,Mar-23,957
IT,Apr-23,1037
IT,May-23,1010
IT,Jun-23,1002
IT,Jul-23,1096
IT,Aug-23,1087
IT,Sep-23,1068
IT,Oct-23,1076
IT,Nov-23,1062
IT,Dec-23,1226
JA,Jan-12,415
JA,Feb-12,368
JA,Mar-12,589
JA,Apr-12,384
JA,May-12,396
JA,Jun-12,372
JA,Jul-12,398
JA,Aug-12,412
JA,Sep-12,487
JA,Oct-12,417
JA,Nov-12,424
JA,Dec-12,478
JA,Jan-13,510
JA,Feb-13,416
JA,Mar-13,544
JA,Apr-13,439
JA,May-13,716
JA,Jun-13,530
JA,Jul-13,500
JA,Aug-13,489
JA,Sep-13,493
JA,Oct-13,517
JA,Nov-13,510
JA,Dec-13,549
JA,Jan-14,682
JA,Feb-14,617
JA,Mar-14,710
JA,Apr-14,861
JA,May-14,819
JA,Jun-14,666
JA,Jul-14,654
JA,Aug-14,658
JA,Sep-14,630
JA,Oct-14,699
JA,Nov-14,652
JA,Dec-14,666
JA,Jan-15,434
JA,Feb-15,384
JA,Mar-15,511
JA,Apr-15,543
JA,May-15,566
JA,Jun-15,401
JA,Jul-15,439
JA,Aug-15,428
JA,Sep-15,434
JA,Oct-15,462
JA,Nov-15,423
JA,Dec-15,458
JA,Jan-16,614
JA,Feb-16,444
JA,Mar-16,506
JA,Apr-16,488
JA,May-16,665
JA,Jun-16,397
JA,Jul-16,432
JA,Aug-16,416
JA,Sep-16,396
JA,Oct-16,428
JA,Nov-16,435
JA,Dec-16,446
JA,Jan-17,518
JA,Feb-17,442
JA,Mar-17,457
JA,Apr-17,487
JA,May-17,616
JA,Jun-17,417
JA,Jul-17,534
JA,Aug-17,421
JA,Sep-17,416
JA,Oct-17,427
JA,Nov-17,412
JA,Dec-17,444
JA,Jan-18,415
JA,Feb-18,352
JA,Mar-18,395
JA,Apr-18,427
JA,May-18,437
JA,Jun-18,469
JA,Jul-18,433
JA,Aug-18,379
JA,Sep-18,580
JA,Oct-18,378
JA,Nov-18,377
JA,Dec-18,406
JA,Jan-19,497
JA,Feb-19,405
JA,Mar-19,451
JA,Apr-19,379
JA,May-19,383
JA,Jun-19,337
JA,Jul-19,349
JA,Aug-19,493
JA,Sep-19,368
JA,Oct-19,383
JA,Nov-19,367
JA,Dec-19,372
JA,Jan-20,403
JA,Feb-20,167
JA,Mar-20,131
JA,Apr-20,134
JA,May-20,669
JA,Jun-20,156
JA,Jul-20,144
JA,Aug-20,154
JA,Sep-20,174
JA,Oct-20,120
JA,Nov-20,135
JA,Dec-20,1389
JA,Jan-21,941
JA,Feb-21,989
JA,Mar-21,164
JA,Apr-21,164
JA,May-21,188
JA,Jun-21,207
JA,Jul-21,177
JA,Aug-21,186
JA,Sep-21,158
JA,Oct-21,120
JA,Nov-21,214
JA,Dec-21,140
JA,Jan-22,148
JA,Feb-22,159
JA,Mar-22,254
JA,Apr-22,246
JA,May-22,137
JA,Jun-22,104
JA,Jul-22,147
JA,Aug-22,554
JA,Sep-22,141
JA,Oct-22,139
JA,Nov-22,123
JA,Dec-22,152
JA,Jan-23,187
JA,Feb-23,143
JA,Mar-23,141
JA,Apr-23,1377
JA,May-23,3344
JA,Jun-23,3216
JA,Jul-23,359
JA,Aug-23,975
JA,Sep-23,920
JA,Oct-23,150
JA,Nov-23,146
JA,Dec-23,159
KR,Jan-12,39
KR,Feb-12,50
KR,Mar-12,42
KR,Apr-12,44
KR,May-12,36
KR,Jun-12,38
KR,Jul-12,38
KR,Aug-12,25
KR,Sep-12,20
KR,Oct-12,26
KR,Nov-12,32
KR,Dec-12,7
KR,Jan-13,74
KR,Feb-13,56
KR,Mar-13,64
KR,Apr-13,61
KR,May-13,83
KR,Jun-13,68
KR,Jul-13,86
KR,Aug-13,64
KR,Sep-13,60
KR,Oct-13,59
KR,Nov-13,59
KR,Dec-13,50
KR,Jan-14,82
KR,Feb-14,81
KR,Mar-14,94
KR,Apr-14,93
KR,May-14,93
KR,Jun-14,92
KR,Jul-14,97
KR,Aug-14,98
KR,Sep-14,90
KR,Oct-14,85
KR,Nov-14,81
KR,Dec-14,96
KR,Jan-15,131
KR,Feb-15,112
KR,Mar-15,127
KR,Apr-15,115
KR,May-15,115
KR,Jun-15,104
KR,Jul-15,101
KR,Aug-15,96
KR,Sep-15,93
KR,Oct-15,91
KR,Nov-15,88
KR,Dec-15,101
KR,Jan-16,94
KR,Feb-16,79
KR,Mar-16,54
KR,Apr-16,34
KR,May-16,13
KR,Jun-16,11
KR,Jul-16,12
KR,Aug-16,8
KR,Sep-16,15
KR,Oct-16,29
KR,Nov-16,24
KR,Dec-16,14
KR,Jan-17,8
KR,Feb-17,9
KR,Mar-17,44
KR,Apr-17,16
KR,May-17,47
KR,Jun-17,102
KR,Jul-17,98
KR,Aug-17,92
KR,Sep-17,80
KR,Oct-17,79
KR,Nov-17,66
KR,Dec-17,74
KR,Jan-18,47
KR,Feb-18,39
KR,Mar-18,31
KR,Apr-18,53
KR,May-18,30
KR,Jun-18,48
KR,Jul-18,62
KR,Aug-18,76
KR,Sep-18,58
KR,Oct-18,65
KR,Nov-18,74
KR,Dec-18,69
KR,Jan-19,83
KR,Feb-19,105
KR,Mar-19,122
KR,Apr-19,103
KR,May-19,111
KR,Jun-19,112
KR,Jul-19,115
KR,Aug-19,108
KR,Sep-19,108
KR,Oct-19,108
KR,Nov-19,105
KR,Dec-19,102
KR,Jan-20,110
KR,Feb-20,103
KR,Mar-20,115
KR,Apr-20,107
KR,May-20,110
KR,Jun-20,99
KR,Jul-20,95
KR,Aug-20,89
KR,Sep-20,67
KR,Oct-20,42
KR,Nov-20,48
KR,Dec-20,40
KR,Jan-21,20
KR,Feb-21,51
KR,Mar-21,16
KR,Apr-21,12
KR,May-21,8
KR,Jun-21,23
KR,Jul-21,15
KR,Aug-21,14
KR,Sep-21,13
KR,Oct-21,15
KR,Nov-21,15
KR,Dec-21,21
KR,Jan-22,58
KR,Feb-22,48
KR,Mar-22,58
KR,Apr-22,40
KR,May-22,64
KR,Jun-22,53
KR,Jul-22,59
KR,Aug-22,70
KR,Sep-22,74
KR,Oct-22,78
KR,Nov-22,17
KR,Dec-22,18
KR,Jan-23,27
KR,Feb-23,32
KR,Mar-23,25
KR,Apr-23,28
KR,May-23,34
KR,Jun-23,23
KR,Jul-23,36
KR,Aug-23,37
KR,Sep-23,54
KR,Oct-23,37
KR,Nov-23,46
KR,Dec-23,64
MX,Jan-12,571
MX,Feb-12,451
MX,Mar-12,448
MX,Apr-12,494
MX,May-12,541
MX,Jun-12,491
MX,Jul-12,635
MX,Aug-12,562
MX,Sep-12,508
MX,Oct-12,509
MX,Nov-12,508
MX,Dec-12,689
MX,Jan-13,641
MX,Feb-13,476
MX,Mar-13,535
MX,Apr-13,470
MX,May-13,413
MX,Jun-13,517
MX,Jul-13,516
MX,Aug-13,553
MX,Sep-13,542
MX,Oct-13,507
MX,Nov-13,536
MX,Dec-13,670
MX,Jan-14,643
MX,Feb-14,482
MX,Mar-14,526
MX,Apr-14,515
MX,May-14,520
MX,Jun-14,537
MX,Jul-14,605
MX,Aug-14,533
MX,Sep-14,535
MX,Oct-14,523
MX,Nov-14,493
MX,Dec-14,605
MX,Jan-15,562
MX,Feb-15,384
MX,Mar-15,447
MX,Apr-15,445
MX,May-15,415
MX,Jun-15,452
MX,Jul-15,517
MX,Aug-15,421
MX,Sep-15,419
MX,Oct-15,446
MX,Nov-15,438
MX,Dec-15,1041
MX,Jan-16,589
MX,Feb-16,422
MX,Mar-16,473
MX,Apr-16,423
MX,May-16,454
MX,Jun-16,455
MX,Jul-16,506
MX,Aug-16,478
MX,Sep-16,454
MX,Oct-16,494
MX,Nov-16,463
MX,Dec-16,602
MX,Jan-17,473
MX,Feb-17,338
MX,Mar-17,352
MX,Apr-17,402
MX,May-17,393
MX,Jun-17,373
MX,Jul-17,372
MX,Aug-17,386
MX,Sep-17,401
MX,Oct-17,406
MX,Nov-17,394
MX,Dec-17,583
MX,Jan-18,527
MX,Feb-18,402
MX,Mar-18,428
MX,Apr-18,420
MX,May-18,411
MX,Jun-18,417
MX,Jul-18,425
MX,Aug-18,469
MX,Sep-18,559
MX,Oct-18,452
MX,Nov-18,454
MX,Dec-18,620
MX,Jan-19,515
MX,Feb-19,374
MX,Mar-19,431
MX,Apr-19,441
MX,May-19,422
MX,Jun-19,410
MX,Jul-19,458
MX,Aug-19,479
MX,Sep-19,485
MX,Oct-19,555
MX,Nov-19,509
MX,Dec-19,621
MX,Jan-20,554
MX,Feb-20,392
MX,Mar-20,651
MX,Apr-20,624
MX,May-20,593
MX,Jun-20,612
MX,Jul-20,642
MX,Aug-20,656
MX,Sep-20,555
MX,Oct-20,616
MX,Nov-20,647
MX,Dec-20,809
MX,Jan-21,629
MX,Feb-21,934
MX,Mar-21,781
MX,Apr-21,1123
MX,May-21,499
MX,Jun-21,534
MX,Jul-21,525
MX,Aug-21,693
MX,Sep-21,559
MX,Oct-21,557
MX,Nov-21,553
MX,Dec-21,902
MX,Jan-22,559
MX,Feb-22,423
MX,Mar-22,469
MX,Apr-22,485
MX,May-22,485
MX,Jun-22,970
MX,Jul-22,1032
MX,Aug-22,714
MX,Sep-22,688
MX,Oct-22,1070
MX,Nov-22,999
MX,Dec-22,646
MX,Jan-23,557
MX,Feb-23,496
MX,Mar-23,592
MX,Apr-23,1341
MX,May-23,1873
MX,Jun-23,649
MX,Jul-23,443
MX,Aug-23,328
MX,Sep-23,278
MX,Oct-23,343
MX,Nov-23,316
MX,Dec-23,385
RS,Jan-12,13031
RS,Feb-12,10985
RS,Mar-12,9449
RS,Apr-12,6803
RS,May-12,6201
RS,Jun-12,5369
RS,Jul-12,5555
RS,Aug-12,3555
RS,Sep-12,1830
RS,Oct-12,2675
RS,Nov-12,2527
RS,Dec-12,2811
RS,Jan-13,2897
RS,Feb-13,2311
RS,Mar-13,1242
RS,Apr-13,2257
RS,May-13,2174
RS,Jun-13,2109
RS,Jul-13,2920
RS,Aug-13,3144
RS,Sep-13,3190
RS,Oct-13,3507
RS,Nov-13,4422
RS,Dec-13,4874
RS,Jan-14,4185
RS,Feb-14,3554
RS,Mar-14,2870
RS,Apr-14,2401
RS,May-14,2665
RS,Jun-14,2549
RS,Jul-14,2828
RS,Aug-14,2801
RS,Sep-14,2748
RS,Oct-14,3110
RS,Nov-14,3702
RS,Dec-14,3934
RS,Jan-15,4049
RS,Feb-15,3203
RS,Mar-15,2335
RS,Apr-15,4272
RS,May-15,6249
RS,Jun-15,7266
RS,Jul-15,7229
RS,Aug-15,7508
RS,Sep-15,7204
RS,Oct-15,5460
RS,Nov-15,3891
RS,Dec-15,3985
RS,Jan-16,3730
RS,Feb-16,3007
RS,Mar-16,2147
RS,Apr-16,4979
RS,May-16,6490
RS,Jun-16,7385
RS,Jul-16,7080
RS,Aug-16,6945
RS,Sep-16,6846
RS,Oct-16,5981
RS,Nov-16,3647
RS,Dec-16,3885
RS,Jan-17,3448
RS,Feb-17,2633
RS,Mar-17,1886
RS,Apr-17,4318
RS,May-17,6284
RS,Jun-17,7090
RS,Jul-17,7844
RS,Aug-17,7116
RS,Sep-17,6949
RS,Oct-17,5745
RS,Nov-17,3477
RS,Dec-17,3790
RS,Jan-18,3554
RS,Feb-18,2725
RS,Mar-18,1704
RS,Apr-18,4143
RS,May-18,5909
RS,Jun-18,6445
RS,Jul-18,7341
RS,Aug-18,7808
RS,Sep-18,8458
RS,Oct-18,6989
RS,Nov-18,4415
RS,Dec-18,4501
RS,Jan-19,3522
RS,Feb-19,2739
RS,Mar-19,1816
RS,Apr-19,4168
RS,May-19,5766
RS,Jun-19,6206
RS,Jul-19,6015
RS,Aug-19,6371
RS,Sep-19,6205
RS,Oct-19,5866
RS,Nov-19,3404
RS,Dec-19,3781
RS,Jan-20,3670
RS,Feb-20,2861
RS,Mar-20,1775
RS,Apr-20,4367
RS,May-20,5854
RS,Jun-20,6340
RS,Jul-20,6703
RS,Aug-20,6727
RS,Sep-20,6574
RS,Oct-20,6084
RS,Nov-20,3351
RS,Dec-20,3554
RS,Jan-21,3393
RS,Feb-21,5849
RS,Mar-21,1435
RS,Apr-21,4232
RS,May-21,5522
RS,Jun-21,6226
RS,Jul-21,6624
RS,Aug-21,6714
RS,Sep-21,6294
RS,Oct-21,5998
RS,Nov-21,3964
RS,Dec-21,4424
RS,Jan-22,4774
RS,Feb-22,3897
RS,Mar-22,2938
RS,Apr-22,4830
RS,May-22,6594
RS,Jun-22,7397
RS,Jul-22,7754
RS,Aug-22,7725
RS,Sep-22,7235
RS,Oct-22,7226
RS,Nov-22,5267
RS,Dec-22,5597
RS,Jan-23,5205
RS,Feb-23,4258
RS,Mar-23,3344
RS,Apr-23,5095
RS,May-23,6162
RS,Jun-23,6803
RS,Jul-23,7004
RS,Aug-23,7090
RS,Sep-23,7032
RS,Oct-23,6789
RS,Nov-23,5226
RS,Dec-23,5600
SA,Jan-12,36
SA,Feb-12,35
SA,Mar-12,37
SA,Apr-12,42
SA,May-12,39
SA,Jun-12,43
SA,Jul-12,42
SA,Aug-12,43
SA,Sep-12,43
SA,Oct-12,24
SA,Nov-12,39
SA,Dec-12,38
SA,Jan-13,42
SA,Feb-13,36
SA,Mar-13,42
SA,Apr-13,36
SA,May-13,54
SA,Jun-13,67
SA,Jul-13,79
SA,Aug-13,85
SA,Sep-13,80
SA,Oct-13,75
SA,Nov-13,71
SA,Dec-13,75
SA,Jan-14,136
SA,Feb-14,124
SA,Mar-14,125
SA,Apr-14,207
SA,May-14,135
SA,Jun-14,142
SA,Jul-14,170
SA,Aug-14,145
SA,Sep-14,99
SA,Oct-14,139
SA,Nov-14,116
SA,Dec-14,140
SA,Jan-15,137
SA,Feb-15,87
SA,Mar-15,75
SA,Apr-15,47
SA,May-15,51
SA,Jun-15,75
SA,Jul-15,94
SA,Aug-15,69
SA,Sep-15,60
SA,Oct-15,101
SA,Nov-15,64
SA,Dec-15,79
SA,Jan-16,107
SA,Feb-16,111
SA,Mar-16,113
SA,Apr-16,86
SA,May-16,96
SA,Jun-16,118
SA,Jul-16,134
SA,Aug-16,126
SA,Sep-16,122
SA,Oct-16,129
SA,Nov-16,110
SA,Dec-16,96
SA,Jan-17,80
SA,Feb-17,47
SA,Mar-17,48
SA,Apr-17,93
SA,May-17,83
SA,Jun-17,119
SA,Jul-17,107
SA,Aug-17,95
SA,Sep-17,101
SA,Oct-17,140
SA,Nov-17,103
SA,Dec-17,129
SA,Jan-18,73
SA,Feb-18,64
SA,Mar-18,87
SA,Apr-18,83
SA,May-18,93
SA,Jun-18,92
SA,Jul-18,95
SA,Aug-18,101
SA,Sep-18,130
SA,Oct-18,128
SA,Nov-18,92
SA,Dec-18,107
SA,Jan-19,66
SA,Feb-19,60
SA,Mar-19,70
SA,Apr-19,62
SA,May-19,67
SA,Jun-19,62
SA,Jul-19,64
SA,Aug-19,49
SA,Sep-19,50
SA,Oct-19,70
SA,Nov-19,39
SA,Dec-19,34
SA,Jan-20,13
SA,Feb-20,9
SA,Mar-20,6
SA,Apr-20,22
SA,May-20,24
SA,Jun-20,27
SA,Jul-20,32
SA,Aug-20,32
SA,Sep-20,30
SA,Oct-20,17
SA,Nov-20,4
SA,Dec-20,0
SA,Jan-21,33
SA,Feb-21,128
SA,Mar-21,32
SA,Apr-21,30
SA,May-21,31
SA,Jun-21,32
SA,Jul-21,29
SA,Aug-21,40
SA,Sep-21,38
SA,Oct-21,67
SA,Nov-21,57
SA,Dec-21,57
SA,Jan-22,53
SA,Feb-22,54
SA,Mar-22,93
SA,Apr-22,64
SA,May-22,62
SA,Jun-22,48
SA,Jul-22,49
SA,Aug-22,62
SA,Sep-22,60
SA,Oct-22,64
SA,Nov-22,60
SA,Dec-22,62
SA,Jan-23,31
SA,Feb-23,28
SA,Mar-23,34
SA,Apr-23,31
SA,May-23,60
SA,Jun-23,36
SA,Jul-23,60
SA,Aug-23,63
SA,Sep-23,60
SA,Oct-23,76
SA,Nov-23,59
SA,Dec-23,54
TU,Jan-12,382
TU,Feb-12,329
TU,Mar-12,326
TU,Apr-12,438
TU,May-12,354
TU,Jun-12,554
TU,Jul-12,498
TU,Aug-12,622
TU,Sep-12,417
TU,Oct-12,425
TU,Nov-12,407
TU,Dec-12,483
TU,Jan-13,816
TU,Feb-13,1532
TU,Mar-13,721
TU,Apr-13,730
TU,May-13,911
TU,Jun-13,460
TU,Jul-13,670
TU,Aug-13,694
TU,Sep-13,586
TU,Oct-13,812
TU,Nov-13,379
TU,Dec-13,331
TU,Jan-14,297
TU,Feb-14,538
TU,Mar-14,368
TU,Apr-14,219
TU,May-14,196
TU,Jun-14,390
TU,Jul-14,551
TU,Aug-14,560
TU,Sep-14,240
TU,Oct-14,310
TU,Nov-14,365
TU,Dec-14,537
TU,Jan-15,350
TU,Feb-15,193
TU,Mar-15,262
TU,Apr-15,319
TU,May-15,330
TU,Jun-15,209
TU,Jul-15,772
TU,Aug-15,439
TU,Sep-15,607
TU,Oct-15,246
TU,Nov-15,488
TU,Dec-15,457
TU,Jan-16,355
TU,Feb-16,477
TU,Mar-16,389
TU,Apr-16,632
TU,May-16,228
TU,Jun-16,460
TU,Jul-16,795
TU,Aug-16,535
TU,Sep-16,608
TU,Oct-16,703
TU,Nov-16,708
TU,Dec-16,438
TU,Jan-17,254
TU,Feb-17,397
TU,Mar-17,352
TU,Apr-17,420
TU,May-17,234
TU,Jun-17,428
TU,Jul-17,847
TU,Aug-17,590
TU,Sep-17,800
TU,Oct-17,701
TU,Nov-17,215
TU,Dec-17,357
TU,Jan-18,71
TU,Feb-18,60
TU,Mar-18,73
TU,Apr-18,94
TU,May-18,82
TU,Jun-18,86
TU,Jul-18,75
TU,Aug-18,116
TU,Sep-18,224
TU,Oct-18,76
TU,Nov-18,69
TU,Dec-18,102
TU,Jan-19,72
TU,Feb-19,55
TU,Mar-19,66
TU,Apr-19,79
TU,May-19,77
TU,Jun-19,113
TU,Jul-19,88
TU,Aug-19,117
TU,Sep-19,94
TU,Oct-19,82
TU,Nov-19,80
TU,Dec-19,85
TU,Jan-20,50
TU,Feb-20,48
TU,Mar-20,65
TU,Apr-20,74
TU,May-20,115
TU,Jun-20,58
TU,Jul-20,57
TU,Aug-20,72
TU,Sep-20,48
TU,Oct-20,66
TU,Nov-20,56
TU,Dec-20,84
TU,Jan-21,74
TU,Feb-21,512
TU,Mar-21,47
TU,Apr-21,59
TU,May-21,91
TU,Jun-21,49
TU,Jul-21,88
TU,Aug-21,61
TU,Sep-21,49
TU,Oct-21,99
TU,Nov-21,74
TU,Dec-21,93
TU,Jan-22,93
TU,Feb-22,79
TU,Mar-22,89
TU,Apr-22,91
TU,May-22,105
TU,Jun-22,79
TU,Jul-22,121
TU,Aug-22,99
TU,Sep-22,85
TU,Oct-22,104
TU,Nov-22,64
TU,Dec-22,59
TU,Jan-23,66
TU,Feb-23,86
TU,Mar-23,59
TU,Apr-23,69
TU,May-23,73
TU,Jun-23,106
TU,Jul-23,68
TU,Aug-23,75
TU,Sep-23,115
TU,Oct-23,89
TU,Nov-23,121
TU,Dec-23,93
UK,Jan-12,1256
UK,Feb-12,1131
UK,Mar-12,938
UK,Apr-12,937
UK,May-12,957
UK,Jun-12,984
UK,Jul-12,1004
UK,Aug-12,992
UK,Sep-12,1006
UK,Oct-12,973
UK,Nov-12,992
UK,Dec-12,1053
UK,Jan-13,1125
UK,Feb-13,1157
UK,Mar-13,981
UK,Apr-13,1026
UK,May-13,1058
UK,Jun-13,1009
UK,Jul-13,1167
UK,Aug-13,1027
UK,Sep-13,983
UK,Oct-13,969
UK,Nov-13,983
UK,Dec-13,1090
UK,Jan-14,913
UK,Feb-14,779
UK,Mar-14,901
UK,Apr-14,884
UK,May-14,909
UK,Jun-14,842
UK,Jul-14,797
UK,Aug-14,836
UK,Sep-14,799
UK,Oct-14,817
UK,Nov-14,808
UK,Dec-14,1097
UK,Jan-15,894
UK,Feb-15,744
UK,Mar-15,826
UK,Apr-15,865
UK,May-15,812
UK,Jun-15,867
UK,Jul-15,845
UK,Aug-15,875
UK,Sep-15,883
UK,Oct-15,857
UK,Nov-15,795
UK,Dec-15,876
UK,Jan-16,863
UK,Feb-16,804
UK,Mar-16,882
UK,Apr-16,895
UK,May-16,995
UK,Jun-16,914
UK,Jul-16,1006
UK,Aug-16,973
UK,Sep-16,908
UK,Oct-16,956
UK,Nov-16,915
UK,Dec-16,998
UK,Jan-17,869
UK,Feb-17,753
UK,Mar-17,920
UK,Apr-17,860
UK,May-17,1027
UK,Jun-17,903
UK,Jul-17,989
UK,Aug-17,962
UK,Sep-17,905
UK,Oct-17,919
UK,Nov-17,879
UK,Dec-17,1040
UK,Jan-18,800
UK,Feb-18,710
UK,Mar-18,825
UK,Apr-18,754
UK,May-18,787
UK,Jun-18,789
UK,Jul-18,854
UK,Aug-18,814
UK,Sep-18,1004
UK,Oct-18,806
UK,Nov-18,774
UK,Dec-18,903
UK,Jan-19,869
UK,Feb-19,768
UK,Mar-19,915
UK,Apr-19,893
UK,May-19,900
UK,Jun-19,847
UK,Jul-19,967
UK,Aug-19,983
UK,Sep-19,868
UK,Oct-19,873
UK,Nov-19,821
UK,Dec-19,870
UK,Jan-20,799
UK,Feb-20,737
UK,Mar-20,829
UK,Apr-20,993
UK,May-20,1127
UK,Jun-20,1004
UK,Jul-20,960
UK,Aug-20,901
UK,Sep-20,809
UK,Oct-20,787
UK,Nov-20,776
UK,Dec-20,853
UK,Jan-21,1134
UK,Feb-21,1462
UK,Mar-21,1176
UK,Apr-21,1180
UK,May-21,1093
UK,Jun-21,1108
UK,Jul-21,1086
UK,Aug-21,1134
UK,Sep-21,1129
UK,Oct-21,1172
UK,Nov-21,1082
UK,Dec-21,1122
UK,Jan-22,1123
UK,Feb-22,971
UK,Mar-22,1041
UK,Apr-22,1035
UK,May-22,1076
UK,Jun-22,1110
UK,Jul-22,1189
UK,Aug-22,1221
UK,Sep-22,1145
UK,Oct-22,1143
UK,Nov-22,1181
UK,Dec-22,1233
UK,Jan-23,1033
UK,Feb-23,869
UK,Mar-23,935
UK,Apr-23,904
UK,May-23,940
UK,Jun-23,1019
UK,Jul-23,1108
UK,Aug-23,1132
UK,Sep-23,1033
UK,Oct-23,1056
UK,Nov-23,923
UK,Dec-23,993
US,Jan-12,1426
US,Feb-12,1330
US,Mar-12,1426
US,Apr-12,1350
US,May-12,1395
US,Jun-12,1339
US,Jul-12,1403
US,Aug-12,1423
US,Sep-12,1389
US,Oct-12,1414
US,Nov-12,1374
US,Dec-12,1415
US,Jan-13,1501
US,Feb-13,1373
US,Mar-13,1534
US,Apr-13,1504
US,May-13,1612
US,Jun-13,1541
US,Jul-13,1581
US,Aug-13,1581
US,Sep-13,1532
US,Oct-13,1584
US,Nov-13,1532
US,Dec-13,1583
US,Jan-14,1426
US,Feb-14,1289
US,Mar-14,1426
US,Apr-14,1388
US,May-14,1426
US,Jun-14,1394
US,Jul-14,1429
US,Aug-14,1426
US,Sep-14,1383
US,Oct-14,1426
US,Nov-14,1370
US,Dec-14,1400
US,Jan-15,1333
US,Feb-15,1215
US,Mar-15,1333
US,Apr-15,1290
US,May-15,1334
US,Jun-15,1301
US,Jul-15,1337
US,Aug-15,1339
US,Sep-15,1294
US,Oct-15,1347
US,Nov-15,1295
US,Dec-15,1340
US,Jan-16,6
US,Feb-16,2
US,Mar-16,1
US,Apr-16,1
US,May-16,0
US,Jun-16,10
US,Jul-16,0
US,Aug-16,0
US,Sep-16,11
US,Oct-16,0
US,Nov-16,2
US,Dec-16,7
US,Jan-17,1304
US,Feb-17,1177
US,Mar-17,1307
US,Apr-17,1299
US,May-17,1337
US,Jun-17,1313
US,Jul-17,1343
US,Aug-17,1344
US,Sep-17,1323
US,Oct-17,1336
US,Nov-17,1293
US,Dec-17,1340
US,Jan-18,1271
US,Feb-18,1148
US,Mar-18,1278
US,Apr-18,1253
US,May-18,1303
US,Jun-18,1254
US,Jul-18,1271
US,Aug-18,1240
US,Sep-18,1203
US,Oct-18,1245
US,Nov-18,1200
US,Dec-18,1247
US,Jan-19,1242
US,Feb-19,1122
US,Mar-19,1255
US,Apr-19,1206
US,May-19,1252
US,Jun-19,1208
US,Jul-19,1268
US,Aug-19,1273
US,Sep-19,1205
US,Oct-19,1246
US,Nov-19,1203
US,Dec-19,1245
US,Jan-20,1216
US,Feb-20,1151
US,Mar-20,1225
US,Apr-20,1187
US,May-20,1268
US,Jun-20,1231
US,Jul-20,1275
US,Aug-20,1284
US,Sep-20,1233
US,Oct-20,1272
US,Nov-20,1258
US,Dec-20,1285
US,Jan-21,1213
US,Feb-21,1107
US,Mar-21,1209
US,Apr-21,1171
US,May-21,1209
US,Jun-21,1171
US,Jul-21,1209
US,Aug-21,1210
US,Sep-21,1171
US,Oct-21,1210
US,Nov-21,1170
US,Dec-21,1209
US,Jan-22,1141
US,Feb-22,1037
US,Mar-22,1142
US,Apr-22,1105
US,May-22,1130
US,Jun-22,1082
US,Jul-22,1117
US,Aug-22,1118
US,Sep-22,1084
US,Oct-22,1117
US,Nov-22,1080
US,Dec-22,1116
US,Jan-23,1064
US,Feb-23,958
US,Mar-23,1056
US,Apr-23,1022
US,May-23,1056
US,Jun-23,1035
US,Jul-23,1071
US,Aug-23,1058
US,Sep-23,1025
US,Oct-23,1055
US,Nov-23,1022
US,Dec-23,1054
ZA,Jan-12,83
ZA,Feb-12,66
ZA,Mar-12,54
ZA,Apr-12,58
ZA,May-12,31
ZA,Jun-12,40
ZA,Jul-12,58
ZA,Aug-12,43
ZA,Sep-12,52
ZA,Oct-12,70
ZA,Nov-12,86
ZA,Dec-12,93
ZA,Jan-13,225
ZA,Feb-13,195
ZA,Mar-13,217
ZA,Apr-13,208
ZA,May-13,213
ZA,Jun-13,198
ZA,Jul-13,213
ZA,Aug-13,211
ZA,Sep-13,219
ZA,Oct-13,222
ZA,Nov-13,198
ZA,Dec-13,199
ZA,Jan-14,232
ZA,Feb-14,200
ZA,Mar-14,234
ZA,Apr-14,234
ZA,May-14,243
ZA,Jun-14,239
ZA,Jul-14,247
ZA,Aug-14,237
ZA,Sep-14,218
ZA,Oct-14,226
ZA,Nov-14,227
ZA,Dec-14,193
ZA,Jan-15,68
ZA,Feb-15,48
ZA,Mar-15,54
ZA,Apr-15,61
ZA,May-15,77
ZA,Jun-15,82
ZA,Jul-15,92
ZA,Aug-15,85
ZA,Sep-15,82
ZA,Oct-15,85
ZA,Nov-15,90
ZA,Dec-15,94
ZA,Jan-16,89
ZA,Feb-16,81
ZA,Mar-16,89
ZA,Apr-16,92
ZA,May-16,94
ZA,Jun-16,96
ZA,Jul-16,94
ZA,Aug-16,97
ZA,Sep-16,89
ZA,Oct-16,97
ZA,Nov-16,80
ZA,Dec-16,57
ZA,Jan-17,55
ZA,Feb-17,48
ZA,Mar-17,62
ZA,Apr-17,68
ZA,May-17,74
ZA,Jun-17,90
ZA,Jul-17,98
ZA,Aug-17,94
ZA,Sep-17,90
ZA,Oct-17,93
ZA,Nov-17,90
ZA,Dec-17,93
ZA,Jan-18,31
ZA,Feb-18,28
ZA,Mar-18,31
ZA,Apr-18,30
ZA,May-18,37
ZA,Jun-18,36
ZA,Jul-18,34
ZA,Aug-18,24
ZA,Sep-18,29
ZA,Oct-18,25
ZA,Nov-18,18
ZA,Dec-18,25
ZA,Jan-19,26
ZA,Feb-19,22
ZA,Mar-19,21
ZA,Apr-19,21
ZA,May-19,17
ZA,Jun-19,24
ZA,Jul-19,24
ZA,Aug-19,27
ZA,Sep-19,30
ZA,Oct-19,30
ZA,Nov-19,27
ZA,Dec-19,28
ZA,Jan-20,29
ZA,Feb-20,27
ZA,Mar-20,31
ZA,Apr-20,30
ZA,May-20,28
ZA,Jun-20,30
ZA,Jul-20,37
ZA,Aug-20,35
ZA,Sep-20,30
ZA,Oct-20,31
ZA,Nov-20,29
ZA,Dec-20,31
ZA,Jan-21,712
ZA,Feb-21,647
ZA,Mar-21,715
ZA,Apr-21,690
ZA,May-21,713
ZA,Jun-21,689
ZA,Jul-21,720
ZA,Aug-21,716
ZA,Sep-21,695
ZA,Oct-21,720
ZA,Nov-21,685
ZA,Dec-21,680
ZA,Jan-22,920
ZA,Feb-22,831
ZA,Mar-22,920
ZA,Apr-22,904
ZA,May-22,920
ZA,Jun-22,877
ZA,Jul-22,922
ZA,Aug-22,936
ZA,Sep-22,885
ZA,Oct-22,931
ZA,Nov-22,870
ZA,Dec-22,929
ZA,Jan-23,783
ZA,Feb-23,698
ZA,Mar-23,738
ZA,Apr-23,744
ZA,May-23,761
ZA,Jun-23,742
ZA,Jul-23,761
ZA,Aug-23,775
ZA,Sep-23,747
ZA,Oct-23,772
ZA,Nov-23,737
ZA,Dec-23,770